place,bedRoom,bathroom,balcony,facing,agePossession,Direction,built_up_area,servant room,furnishing_type,luxury_category,floor_category,price
5.0,2.0,2.0,1.0,7.0,2.0,0.0,653.0,0.0,0.0,1.0,1.0,0.22
9.0,2.0,2.0,1.0,4.0,0.0,1.0,684.0,0.0,0.0,1.0,2.0,0.38
36.0,2.0,2.0,1.0,4.0,2.0,2.0,749.0,0.0,2.0,1.0,2.0,0.55
104.0,3.0,2.0,1.0,0.0,3.0,0.0,1080.0,0.0,0.0,2.0,0.0,0.82
104.0,2.0,2.0,2.0,5.0,2.0,0.0,836.0,0.0,0.0,2.0,2.0,0.36
74.0,3.0,2.0,1.0,5.0,0.0,2.0,1172.0,0.0,2.0,1.0,1.0,0.6
75.0,2.0,2.0,1.0,6.0,3.0,2.0,557.0,0.0,0.0,2.0,2.0,0.2
56.0,2.0,2.0,2.0,5.0,4.0,2.0,528.0,0.0,0.0,1.0,1.0,0.38
129.0,3.0,2.0,1.0,5.0,2.0,2.0,873.0,0.0,2.0,2.0,1.0,0.7
96.0,3.0,2.0,1.0,6.0,4.0,1.0,875.0,0.0,0.0,1.0,2.0,0.28
104.0,4.0,4.0,3.0,5.0,1.0,0.0,1915.0,0.0,0.0,2.0,2.0,1.02
72.0,2.0,2.0,1.0,5.0,1.0,1.0,814.0,0.0,0.0,0.0,0.0,0.41
81.0,2.0,2.0,1.0,4.0,0.0,2.0,791.0,0.0,0.0,1.0,1.0,0.35
75.0,3.0,2.0,1.0,5.0,3.0,2.0,820.0,0.0,0.0,2.0,0.0,0.35
104.0,3.0,2.0,1.0,6.0,3.0,0.0,885.0,0.0,2.0,0.0,1.0,0.5
69.0,2.0,2.0,1.0,5.0,0.0,2.0,664.0,0.0,0.0,1.0,2.0,0.28
104.0,3.0,2.0,1.0,6.0,3.0,0.0,1074.0,0.0,0.0,1.0,2.0,0.6
121.0,2.0,2.0,1.0,6.0,3.0,1.0,633.0,0.0,2.0,2.0,1.0,0.6
53.0,3.0,3.0,2.0,4.0,1.0,2.0,1096.0,0.0,0.0,2.0,1.0,0.69
34.0,3.0,2.0,1.0,5.0,0.0,2.0,1276.0,0.0,0.0,1.0,1.0,0.75
127.0,3.0,2.0,2.0,4.0,0.0,2.0,1057.0,0.0,2.0,0.0,1.0,0.5
72.0,3.0,2.0,2.0,0.0,0.0,1.0,894.0,0.0,0.0,2.0,2.0,0.45
57.0,1.0,2.0,1.0,5.0,0.0,2.0,684.0,0.0,0.0,1.0,1.0,0.38
117.0,2.0,2.0,1.0,5.0,3.0,0.0,847.0,0.0,1.0,2.0,1.0,0.85
16.0,2.0,2.0,1.0,2.0,1.0,2.0,650.0,0.0,0.0,1.0,1.0,0.36
48.0,2.0,2.0,1.0,6.0,0.0,1.0,753.0,0.0,0.0,1.0,1.0,0.38
72.0,3.0,2.0,1.0,4.0,1.0,1.0,1138.0,0.0,0.0,0.0,2.0,0.6
59.0,3.0,2.0,1.0,5.0,1.0,2.0,944.0,0.0,0.0,1.0,0.0,0.61
75.0,2.0,2.0,1.0,2.0,3.0,2.0,609.0,0.0,0.0,2.0,0.0,0.35
16.0,3.0,3.0,1.0,5.0,3.0,2.0,1448.0,0.0,0.0,2.0,0.0,0.6
90.0,3.0,2.0,1.0,5.0,1.0,0.0,994.0,0.0,0.0,2.0,2.0,0.77
104.0,3.0,2.0,1.0,3.0,0.0,0.0,960.0,0.0,1.0,2.0,2.0,0.56
77.0,2.0,2.0,0.0,1.0,3.0,2.0,616.0,0.0,2.0,1.0,1.0,0.25
4.0,2.0,2.0,1.0,5.0,2.0,2.0,873.0,0.0,0.0,1.0,2.0,0.46
32.0,2.0,2.0,1.0,6.0,2.0,1.0,705.0,0.0,2.0,1.0,2.0,0.33
121.0,3.0,2.0,2.0,6.0,0.0,1.0,1163.0,0.0,2.0,0.0,0.0,0.8
104.0,2.0,2.0,1.0,5.0,1.0,0.0,689.0,0.0,2.0,0.0,2.0,0.31
66.0,3.0,2.0,1.0,5.0,2.0,1.0,1052.0,0.0,2.0,1.0,2.0,0.75
35.0,3.0,2.0,1.0,4.0,0.0,2.0,1086.0,0.0,0.0,2.0,1.0,0.65
36.0,2.0,2.0,1.0,0.0,0.0,2.0,855.0,0.0,0.0,1.0,1.0,0.28
112.0,2.0,2.0,0.0,0.0,2.0,2.0,813.0,0.0,0.0,1.0,1.0,0.42
113.0,3.0,2.0,1.0,0.0,3.0,1.0,1173.0,0.0,2.0,0.0,0.0,1.75
5.0,3.0,2.0,1.0,1.0,0.0,1.0,915.0,0.0,0.0,1.0,1.0,0.43
44.0,2.0,2.0,0.0,4.0,2.0,3.0,874.0,0.0,1.0,1.0,2.0,0.22
54.0,2.0,2.0,1.0,6.0,2.0,1.0,657.0,0.0,0.0,2.0,2.0,0.35
72.0,3.0,2.0,2.0,1.0,3.0,1.0,894.0,0.0,2.0,0.0,2.0,0.46
33.0,3.0,4.0,4.0,0.0,0.0,1.0,1412.0,0.0,0.0,2.0,2.0,0.85
66.0,3.0,2.0,2.0,4.0,0.0,1.0,1128.0,0.0,2.0,0.0,2.0,0.68
102.0,3.0,2.0,2.0,0.0,2.0,1.0,1151.0,0.0,0.0,2.0,2.0,0.7
72.0,2.0,2.0,1.0,0.0,1.0,1.0,671.0,0.0,0.0,0.0,0.0,0.55
55.0,3.0,2.0,2.0,5.0,2.0,1.0,941.0,0.0,0.0,1.0,2.0,0.45
10.0,2.0,2.0,1.0,5.0,1.0,2.0,513.0,0.0,0.0,1.0,1.0,0.21
94.0,3.0,2.0,1.0,1.0,0.0,2.0,943.0,0.0,0.0,1.0,1.0,0.51
54.0,2.0,2.0,2.0,4.0,0.0,1.0,1043.0,0.0,1.0,0.0,2.0,0.65
76.0,2.0,2.0,1.0,5.0,3.0,3.0,731.0,0.0,2.0,1.0,1.0,0.25
71.0,2.0,2.0,1.0,6.0,3.0,1.0,654.0,0.0,1.0,2.0,1.0,0.38
31.0,3.0,2.0,0.0,5.0,0.0,2.0,1176.0,0.0,2.0,1.0,1.0,0.55
122.0,3.0,2.0,1.0,5.0,3.0,2.0,1104.0,0.0,0.0,2.0,1.0,0.5
90.0,3.0,2.0,1.0,4.0,1.0,0.0,784.0,0.0,0.0,0.0,2.0,0.3
16.0,3.0,2.0,1.0,0.0,3.0,2.0,934.0,0.0,0.0,1.0,2.0,0.55
54.0,3.0,2.0,2.0,1.0,2.0,0.0,1250.0,0.0,1.0,1.0,2.0,0.9
121.0,3.0,2.0,1.0,4.0,3.0,1.0,1163.0,0.0,1.0,0.0,0.0,0.75
85.0,3.0,2.0,1.0,4.0,2.0,2.0,898.0,0.0,0.0,1.0,1.0,0.35
1.0,2.0,2.0,2.0,7.0,2.0,2.0,1270.0,0.0,0.0,2.0,1.0,1.5
47.0,3.0,2.0,2.0,4.0,3.0,1.0,1068.0,0.0,2.0,1.0,1.0,0.4
8.0,3.0,2.0,1.0,5.0,0.0,2.0,1414.0,0.0,1.0,0.0,2.0,2.5
131.0,3.0,2.0,1.0,5.0,2.0,1.0,1001.0,0.0,0.0,1.0,2.0,0.7
121.0,3.0,3.0,3.0,5.0,3.0,1.0,1125.0,0.0,1.0,2.0,2.0,0.58
90.0,2.0,2.0,1.0,2.0,1.0,0.0,924.0,0.0,0.0,2.0,2.0,0.71
32.0,3.0,3.0,3.0,5.0,1.0,1.0,1882.0,0.0,1.0,1.0,2.0,1.5
100.0,3.0,3.0,1.0,3.0,2.0,2.0,1600.0,0.0,0.0,2.0,2.0,1.2
8.0,4.0,4.0,2.0,7.0,1.0,2.0,2328.0,1.0,0.0,1.0,1.0,4.0
24.0,3.0,3.0,1.0,5.0,3.0,1.0,1000.0,0.0,2.0,0.0,0.0,0.9
36.0,3.0,2.0,1.0,3.0,0.0,2.0,1031.0,0.0,1.0,0.0,2.0,0.9
84.0,3.0,2.0,1.0,1.0,3.0,1.0,938.0,0.0,0.0,1.0,1.0,0.52
104.0,3.0,2.0,1.0,2.0,1.0,0.0,1159.0,0.0,0.0,1.0,0.0,0.85
129.0,3.0,2.0,1.0,2.0,2.0,2.0,1105.0,0.0,0.0,0.0,0.0,1.3
16.0,3.0,2.0,1.0,1.0,0.0,2.0,1148.0,0.0,2.0,0.0,0.0,0.81
88.0,2.0,2.0,1.0,1.0,3.0,2.0,684.0,0.0,0.0,1.0,2.0,0.41
55.0,3.0,2.0,1.0,1.0,0.0,1.0,924.0,0.0,0.0,2.0,2.0,0.62
63.0,3.0,3.0,3.0,4.0,3.0,1.0,1457.0,0.0,0.0,2.0,1.0,0.75
16.0,3.0,2.0,2.0,4.0,1.0,2.0,1030.0,0.0,0.0,1.0,2.0,0.68
11.0,3.0,2.0,1.0,0.0,0.0,1.0,941.0,0.0,2.0,0.0,1.0,0.34
32.0,2.0,2.0,1.0,2.0,1.0,1.0,625.0,0.0,0.0,1.0,2.0,0.26
8.0,2.0,2.0,1.0,2.0,3.0,2.0,770.0,0.0,0.0,1.0,1.0,0.58
16.0,4.0,2.0,2.0,6.0,2.0,2.0,1289.0,0.0,0.0,1.0,1.0,0.65
66.0,3.0,2.0,1.0,3.0,2.0,1.0,1155.0,0.0,2.0,1.0,2.0,0.65
122.0,2.0,2.0,2.0,1.0,0.0,2.0,928.0,0.0,0.0,1.0,2.0,0.38
54.0,2.0,2.0,1.0,0.0,2.0,1.0,722.0,0.0,2.0,1.0,1.0,0.4
85.0,2.0,2.0,1.0,0.0,1.0,2.0,791.0,0.0,0.0,1.0,1.0,0.32
16.0,1.0,1.0,1.0,0.0,3.0,2.0,748.0,0.0,0.0,1.0,2.0,0.31
66.0,2.0,2.0,1.0,0.0,0.0,1.0,731.0,0.0,0.0,1.0,2.0,0.33
32.0,3.0,2.0,1.0,0.0,2.0,1.0,925.0,0.0,0.0,2.0,2.0,0.44
129.0,4.0,3.0,3.0,6.0,3.0,2.0,2286.0,0.0,0.0,1.0,2.0,2.35
36.0,3.0,2.0,0.0,5.0,2.0,2.0,1150.0,0.0,0.0,1.0,1.0,0.38
32.0,3.0,2.0,1.0,2.0,3.0,1.0,1072.0,0.0,1.0,1.0,2.0,0.45
19.0,1.0,1.0,0.0,6.0,0.0,3.0,360.0,0.0,0.0,1.0,1.0,0.09
82.0,2.0,1.0,0.0,4.0,2.0,2.0,381.0,0.0,0.0,1.0,1.0,0.28
30.0,3.0,2.0,1.0,4.0,2.0,2.0,1270.0,0.0,1.0,1.0,1.0,0.85
16.0,3.0,2.0,1.0,5.0,0.0,2.0,1256.0,0.0,0.0,1.0,2.0,0.75
104.0,2.0,2.0,1.0,5.0,3.0,0.0,851.0,0.0,0.0,2.0,0.0,0.56
104.0,2.0,2.0,1.0,5.0,3.0,0.0,791.0,0.0,0.0,0.0,0.0,0.58
128.0,2.0,1.0,0.0,4.0,2.0,2.0,556.0,0.0,1.0,1.0,1.0,0.29
86.0,3.0,2.0,1.0,5.0,3.0,2.0,941.0,0.0,0.0,1.0,1.0,0.46
124.0,3.0,2.0,2.0,4.0,0.0,2.0,877.0,0.0,0.0,1.0,1.0,0.45
54.0,3.0,2.0,1.0,5.0,2.0,0.0,906.0,0.0,0.0,0.0,1.0,0.49
36.0,2.0,2.0,1.0,7.0,2.0,2.0,803.0,0.0,2.0,1.0,1.0,0.3
58.0,2.0,2.0,1.0,1.0,2.0,1.0,620.0,0.0,0.0,1.0,1.0,0.3
29.0,3.0,3.0,1.0,0.0,3.0,2.0,1408.0,0.0,0.0,1.0,1.0,1.9
104.0,2.0,2.0,1.0,3.0,3.0,0.0,720.0,0.0,0.0,1.0,2.0,0.29
104.0,3.0,2.0,1.0,0.0,3.0,0.0,984.0,0.0,0.0,1.0,1.0,0.36
28.0,2.0,2.0,1.0,7.0,3.0,0.0,698.0,0.0,0.0,1.0,1.0,0.24
28.0,3.0,2.0,2.0,7.0,3.0,0.0,962.0,0.0,0.0,1.0,1.0,0.34
5.0,2.0,2.0,1.0,0.0,3.0,1.0,560.0,0.0,0.0,1.0,1.0,0.18
5.0,2.0,2.0,1.0,4.0,3.0,1.0,635.0,0.0,0.0,1.0,1.0,0.2
5.0,2.0,2.0,1.0,6.0,3.0,1.0,614.0,0.0,0.0,1.0,2.0,0.19
5.0,3.0,2.0,1.0,2.0,3.0,1.0,967.0,0.0,0.0,1.0,1.0,0.3
5.0,2.0,2.0,1.0,6.0,3.0,1.0,702.0,0.0,0.0,1.0,2.0,0.21
5.0,2.0,2.0,1.0,7.0,3.0,1.0,742.0,0.0,0.0,1.0,1.0,0.23
110.0,4.0,4.0,1.0,4.0,0.0,2.0,2801.0,1.0,0.0,2.0,2.0,6.88
1.0,4.0,4.0,1.0,4.0,0.0,2.0,2968.0,0.0,0.0,2.0,1.0,3.5
1.0,4.0,4.0,1.0,4.0,0.0,2.0,2139.0,0.0,0.0,2.0,2.0,2.9
129.0,3.0,2.0,1.0,4.0,3.0,2.0,1142.0,0.0,0.0,2.0,2.0,1.5
36.0,2.0,2.0,1.0,5.0,1.0,2.0,805.0,0.0,0.0,0.0,0.0,0.45
34.0,2.0,2.0,1.0,5.0,3.0,2.0,835.0,0.0,0.0,0.0,0.0,0.45
36.0,2.0,2.0,1.0,5.0,1.0,2.0,831.0,0.0,0.0,0.0,2.0,0.45
34.0,2.0,2.0,1.0,5.0,1.0,2.0,835.0,0.0,0.0,0.0,2.0,0.46
34.0,3.0,2.0,1.0,4.0,1.0,2.0,1108.0,0.0,0.0,0.0,0.0,0.68
34.0,3.0,2.0,1.0,5.0,3.0,2.0,1099.0,0.0,0.0,0.0,2.0,0.75
123.0,4.0,4.0,1.0,4.0,3.0,2.0,2049.0,0.0,0.0,2.0,2.0,3.95
1.0,5.0,5.0,2.0,4.0,3.0,2.0,2994.0,0.0,0.0,2.0,2.0,3.68
1.0,3.0,3.0,1.0,4.0,3.0,2.0,1497.0,0.0,0.0,2.0,1.0,1.85
126.0,3.0,2.0,1.0,4.0,3.0,0.0,982.0,1.0,0.0,2.0,0.0,1.5
126.0,4.0,3.0,1.0,4.0,3.0,0.0,1610.0,1.0,0.0,2.0,0.0,2.0
1.0,3.0,3.0,1.0,4.0,0.0,2.0,1647.0,1.0,0.0,2.0,2.0,1.75
1.0,4.0,5.0,1.0,4.0,3.0,2.0,3080.0,1.0,0.0,2.0,2.0,4.75
123.0,4.0,3.0,2.0,5.0,3.0,2.0,2311.0,0.0,0.0,2.0,2.0,2.98
1.0,4.0,5.0,2.0,4.0,3.0,2.0,2566.0,1.0,0.0,2.0,0.0,4.35
1.0,5.0,5.0,4.0,4.0,0.0,2.0,2994.0,1.0,0.0,2.0,0.0,2.7
36.0,2.0,2.0,1.0,4.0,3.0,2.0,754.0,0.0,0.0,1.0,2.0,0.45
36.0,2.0,2.0,1.0,4.0,3.0,2.0,813.0,0.0,0.0,1.0,0.0,0.5
36.0,2.0,2.0,1.0,7.0,3.0,2.0,728.0,0.0,0.0,1.0,1.0,0.45
36.0,2.0,2.0,1.0,7.0,3.0,2.0,754.0,0.0,0.0,1.0,2.0,0.45
36.0,2.0,2.0,1.0,4.0,3.0,2.0,753.0,0.0,0.0,1.0,2.0,0.45
36.0,3.0,2.0,1.0,4.0,3.0,2.0,984.0,0.0,0.0,1.0,2.0,0.75
36.0,2.0,2.0,1.0,4.0,3.0,2.0,831.0,0.0,0.0,1.0,0.0,0.5
36.0,3.0,2.0,1.0,7.0,3.0,2.0,1014.0,0.0,0.0,1.0,0.0,0.68
36.0,3.0,2.0,1.0,3.0,3.0,2.0,1099.0,0.0,0.0,1.0,2.0,0.7
72.0,3.0,3.0,1.0,2.0,1.0,1.0,881.0,0.0,0.0,2.0,1.0,0.46
121.0,2.0,2.0,2.0,6.0,0.0,1.0,800.0,0.0,0.0,1.0,2.0,0.23
64.0,2.0,2.0,1.0,5.0,1.0,1.0,659.0,0.0,0.0,1.0,0.0,0.3
121.0,3.0,2.0,1.0,5.0,3.0,1.0,942.0,0.0,2.0,1.0,0.0,0.58
118.0,3.0,3.0,1.0,5.0,1.0,3.0,780.0,0.0,0.0,1.0,0.0,0.52
121.0,2.0,2.0,2.0,2.0,1.0,1.0,830.0,0.0,0.0,1.0,2.0,0.28
121.0,3.0,2.0,2.0,3.0,0.0,1.0,1163.0,0.0,1.0,1.0,0.0,0.65
109.0,2.0,2.0,1.0,3.0,3.0,1.0,843.0,0.0,0.0,2.0,1.0,0.65
72.0,2.0,2.0,1.0,6.0,3.0,1.0,1207.0,0.0,0.0,1.0,0.0,0.42
32.0,3.0,2.0,1.0,0.0,3.0,1.0,1060.0,0.0,0.0,1.0,1.0,0.4
81.0,2.0,2.0,1.0,1.0,3.0,2.0,899.0,0.0,0.0,1.0,2.0,0.45
81.0,2.0,2.0,1.0,4.0,3.0,2.0,898.0,0.0,0.0,1.0,2.0,0.46
81.0,3.0,2.0,1.0,1.0,3.0,2.0,1091.0,0.0,0.0,1.0,1.0,0.52
26.0,3.0,2.0,1.0,3.0,3.0,0.0,1057.0,0.0,0.0,1.0,2.0,0.62
26.0,2.0,2.0,1.0,2.0,3.0,0.0,727.0,0.0,0.0,1.0,1.0,0.5
26.0,2.0,2.0,1.0,7.0,3.0,0.0,727.0,0.0,0.0,1.0,1.0,0.5
90.0,2.0,2.0,1.0,7.0,3.0,0.0,813.0,0.0,0.0,1.0,2.0,0.55
90.0,2.0,2.0,1.0,5.0,3.0,0.0,770.0,0.0,0.0,1.0,2.0,0.5
90.0,3.0,2.0,1.0,5.0,3.0,0.0,941.0,0.0,0.0,1.0,2.0,0.65
90.0,3.0,2.0,1.0,2.0,3.0,0.0,1091.0,0.0,0.0,1.0,1.0,0.68
90.0,2.0,2.0,1.0,0.0,3.0,0.0,771.0,0.0,0.0,1.0,2.0,0.5
90.0,2.0,2.0,1.0,4.0,3.0,0.0,770.0,0.0,0.0,1.0,2.0,0.53
90.0,3.0,2.0,1.0,4.0,3.0,0.0,1116.0,0.0,0.0,1.0,2.0,0.71
90.0,2.0,2.0,1.0,3.0,3.0,0.0,778.0,0.0,0.0,1.0,2.0,0.55
90.0,3.0,2.0,1.0,2.0,3.0,0.0,1035.0,0.0,0.0,1.0,2.0,0.65
90.0,3.0,2.0,1.0,1.0,3.0,0.0,1112.0,0.0,0.0,1.0,2.0,0.7
90.0,3.0,2.0,1.0,2.0,3.0,0.0,1069.0,0.0,0.0,1.0,2.0,0.68
90.0,2.0,2.0,2.0,4.0,3.0,0.0,873.0,0.0,0.0,1.0,1.0,0.58
90.0,2.0,2.0,1.0,4.0,3.0,0.0,873.0,0.0,0.0,2.0,1.0,0.58
90.0,2.0,2.0,1.0,6.0,3.0,0.0,787.0,0.0,0.0,2.0,1.0,0.53
90.0,2.0,2.0,1.0,2.0,3.0,0.0,715.0,0.0,0.0,1.0,2.0,0.49
90.0,2.0,2.0,1.0,3.0,3.0,0.0,762.0,0.0,0.0,1.0,2.0,0.52
90.0,3.0,3.0,1.0,1.0,3.0,0.0,1283.0,0.0,0.0,1.0,2.0,0.8
90.0,2.0,2.0,2.0,6.0,3.0,0.0,924.0,0.0,0.0,1.0,2.0,0.55
90.0,2.0,2.0,2.0,3.0,3.0,0.0,898.0,0.0,0.0,1.0,2.0,0.5
90.0,2.0,2.0,1.0,1.0,3.0,0.0,898.0,0.0,0.0,1.0,1.0,0.5
90.0,3.0,2.0,1.0,0.0,3.0,0.0,1270.0,0.0,0.0,1.0,2.0,0.75
90.0,3.0,2.0,1.0,3.0,3.0,0.0,1272.0,0.0,0.0,1.0,2.0,0.75
90.0,3.0,2.0,1.0,2.0,3.0,0.0,1272.0,0.0,0.0,1.0,1.0,0.75
90.0,3.0,2.0,1.0,7.0,3.0,0.0,1069.0,0.0,0.0,1.0,2.0,0.65
90.0,3.0,2.0,1.0,2.0,3.0,0.0,1069.0,0.0,0.0,1.0,2.0,0.65
90.0,3.0,2.0,1.0,2.0,3.0,0.0,1070.0,0.0,0.0,1.0,1.0,0.65
90.0,3.0,3.0,1.0,1.0,3.0,0.0,1069.0,0.0,0.0,1.0,2.0,0.65
90.0,3.0,3.0,1.0,1.0,3.0,0.0,1069.0,0.0,0.0,1.0,1.0,0.65
90.0,3.0,2.0,1.0,1.0,3.0,0.0,1069.0,0.0,0.0,1.0,2.0,0.65
90.0,3.0,2.0,1.0,5.0,3.0,0.0,1266.0,0.0,0.0,1.0,1.0,0.74
90.0,3.0,2.0,1.0,5.0,3.0,0.0,1266.0,0.0,0.0,1.0,1.0,0.75
90.0,3.0,2.0,2.0,4.0,3.0,0.0,1264.0,0.0,0.0,1.0,2.0,0.72
90.0,3.0,2.0,2.0,5.0,3.0,0.0,1266.0,0.0,0.0,1.0,2.0,0.72
36.0,2.0,2.0,1.0,7.0,3.0,2.0,920.0,0.0,0.0,2.0,1.0,0.66
8.0,3.0,3.0,1.0,1.0,3.0,2.0,1687.0,0.0,0.0,1.0,0.0,2.1
123.0,3.0,2.0,1.0,7.0,2.0,2.0,1240.0,0.0,0.0,2.0,2.0,1.47
83.0,3.0,2.0,1.0,6.0,3.0,2.0,1009.0,0.0,0.0,1.0,2.0,0.75
27.0,2.0,2.0,1.0,4.0,3.0,0.0,719.0,0.0,0.0,0.0,2.0,0.41
27.0,3.0,2.0,2.0,4.0,3.0,0.0,1050.0,0.0,0.0,0.0,1.0,0.47
104.0,2.0,2.0,1.0,4.0,3.0,0.0,769.0,0.0,0.0,2.0,2.0,0.31
104.0,2.0,2.0,1.0,5.0,3.0,0.0,666.0,0.0,0.0,1.0,1.0,0.23
104.0,2.0,2.0,1.0,4.0,3.0,0.0,761.0,0.0,0.0,2.0,2.0,0.31
104.0,2.0,2.0,1.0,6.0,3.0,0.0,719.0,0.0,0.0,1.0,2.0,0.28
104.0,2.0,2.0,1.0,4.0,3.0,4.0,891.0,0.0,0.0,1.0,2.0,0.31
104.0,2.0,2.0,1.0,4.0,3.0,0.0,664.0,0.0,0.0,1.0,1.0,0.23
13.0,2.0,2.0,1.0,4.0,3.0,1.0,684.0,0.0,0.0,1.0,2.0,0.24
83.0,3.0,2.0,1.0,4.0,3.0,2.0,1052.0,0.0,0.0,1.0,1.0,0.85
88.0,3.0,2.0,1.0,5.0,3.0,2.0,839.0,0.0,0.0,1.0,1.0,0.49
88.0,2.0,2.0,1.0,1.0,3.0,2.0,660.0,0.0,0.0,1.0,1.0,0.39
86.0,3.0,2.0,1.0,4.0,3.0,2.0,1161.0,0.0,0.0,1.0,1.0,0.62
66.0,2.0,2.0,1.0,7.0,3.0,1.0,664.0,0.0,0.0,1.0,2.0,0.35
66.0,2.0,2.0,1.0,7.0,3.0,1.0,720.0,0.0,0.0,1.0,1.0,0.37
66.0,2.0,2.0,1.0,6.0,3.0,1.0,775.0,0.0,0.0,1.0,1.0,0.41
66.0,2.0,2.0,1.0,0.0,3.0,1.0,672.0,0.0,0.0,1.0,1.0,0.35
86.0,2.0,2.0,1.0,2.0,3.0,2.0,586.0,0.0,0.0,1.0,1.0,0.25
85.0,3.0,2.0,1.0,2.0,3.0,2.0,871.0,0.0,0.0,0.0,2.0,0.42
85.0,3.0,2.0,1.0,5.0,3.0,2.0,1132.0,0.0,0.0,2.0,0.0,0.71
85.0,3.0,2.0,1.0,5.0,3.0,2.0,1097.0,0.0,0.0,0.0,0.0,0.69
34.0,3.0,2.0,2.0,5.0,3.0,2.0,1424.0,0.0,0.0,2.0,2.0,1.05
34.0,3.0,2.0,1.0,5.0,3.0,2.0,1280.0,0.0,0.0,0.0,0.0,0.9
34.0,3.0,2.0,2.0,2.0,3.0,2.0,1424.0,0.0,0.0,2.0,2.0,1.0
32.0,2.0,2.0,1.0,5.0,3.0,1.0,599.0,0.0,0.0,2.0,1.0,0.24
121.0,2.0,2.0,1.0,4.0,3.0,1.0,744.0,0.0,0.0,1.0,1.0,0.26
121.0,3.0,2.0,1.0,7.0,3.0,1.0,898.0,0.0,0.0,1.0,1.0,0.32
121.0,3.0,2.0,1.0,2.0,3.0,1.0,900.0,0.0,0.0,1.0,2.0,0.32
64.0,2.0,2.0,1.0,0.0,3.0,1.0,566.0,0.0,0.0,1.0,2.0,0.17
64.0,2.0,2.0,1.0,7.0,3.0,1.0,565.0,0.0,0.0,1.0,1.0,0.17
64.0,1.0,1.0,1.0,4.0,3.0,1.0,525.0,0.0,0.0,1.0,1.0,0.15
64.0,2.0,2.0,1.0,5.0,3.0,1.0,530.0,0.0,0.0,1.0,1.0,0.15
32.0,2.0,2.0,1.0,4.0,3.0,1.0,684.0,0.0,0.0,1.0,1.0,0.28
32.0,2.0,2.0,1.0,5.0,3.0,1.0,556.0,0.0,0.0,2.0,1.0,0.23
32.0,2.0,2.0,1.0,5.0,3.0,1.0,615.0,0.0,0.0,2.0,1.0,0.27
32.0,2.0,2.0,1.0,5.0,3.0,1.0,706.0,0.0,0.0,1.0,2.0,0.27
32.0,2.0,1.0,0.0,6.0,3.0,1.0,513.0,0.0,0.0,1.0,2.0,0.2
32.0,2.0,2.0,1.0,3.0,3.0,1.0,896.0,0.0,0.0,1.0,2.0,0.35
32.0,2.0,2.0,1.0,3.0,3.0,1.0,896.0,0.0,0.0,2.0,1.0,0.35
32.0,2.0,2.0,1.0,1.0,3.0,1.0,706.0,0.0,0.0,2.0,2.0,0.27
13.0,3.0,2.0,1.0,6.0,3.0,1.0,1399.0,0.0,0.0,2.0,2.0,0.47
104.0,2.0,2.0,1.0,5.0,3.0,0.0,924.0,0.0,0.0,0.0,2.0,0.68
13.0,2.0,2.0,2.0,5.0,2.0,1.0,770.0,0.0,0.0,1.0,2.0,0.25
16.0,2.0,2.0,1.0,4.0,3.0,2.0,573.0,0.0,0.0,1.0,1.0,0.28
16.0,2.0,2.0,1.0,5.0,3.0,2.0,837.0,0.0,0.0,1.0,1.0,0.43
16.0,2.0,2.0,1.0,4.0,3.0,2.0,761.0,0.0,0.0,1.0,2.0,0.34
16.0,2.0,2.0,1.0,0.0,3.0,2.0,607.0,0.0,0.0,1.0,1.0,0.27
16.0,2.0,2.0,1.0,4.0,3.0,2.0,753.0,0.0,0.0,1.0,1.0,0.34
16.0,3.0,2.0,1.0,5.0,3.0,2.0,834.0,0.0,0.0,1.0,1.0,0.42
16.0,2.0,2.0,1.0,4.0,0.0,2.0,633.0,0.0,0.0,1.0,1.0,0.26
16.0,2.0,2.0,1.0,4.0,3.0,2.0,624.0,0.0,0.0,1.0,1.0,0.32
16.0,2.0,2.0,1.0,4.0,3.0,2.0,706.0,0.0,0.0,1.0,2.0,0.36
16.0,2.0,2.0,1.0,4.0,3.0,2.0,659.0,0.0,0.0,1.0,2.0,0.33
16.0,3.0,3.0,1.0,1.0,3.0,2.0,1112.0,0.0,0.0,1.0,1.0,0.57
34.0,2.0,2.0,1.0,4.0,3.0,2.0,727.0,0.0,0.0,1.0,1.0,0.45
101.0,3.0,2.0,1.0,3.0,0.0,1.0,1240.0,0.0,0.0,1.0,1.0,0.66
34.0,3.0,2.0,1.0,2.0,0.0,2.0,1583.0,0.0,0.0,1.0,2.0,1.2
34.0,3.0,2.0,1.0,6.0,0.0,1.0,1078.0,0.0,0.0,1.0,1.0,0.85
2.0,3.0,2.0,1.0,4.0,0.0,2.0,1309.0,0.0,0.0,1.0,1.0,0.75
104.0,2.0,2.0,1.0,3.0,3.0,0.0,581.0,0.0,0.0,1.0,2.0,0.25
104.0,2.0,2.0,1.0,0.0,3.0,0.0,645.0,0.0,0.0,1.0,1.0,0.27
104.0,3.0,2.0,2.0,0.0,3.0,0.0,1251.0,0.0,0.0,1.0,1.0,0.54
41.0,3.0,2.0,1.0,5.0,3.0,2.0,1283.0,0.0,0.0,1.0,2.0,1.05
16.0,2.0,1.0,1.0,1.0,3.0,2.0,642.0,0.0,0.0,1.0,1.0,0.26
16.0,2.0,1.0,1.0,4.0,3.0,2.0,716.0,0.0,0.0,2.0,1.0,0.26
16.0,1.0,1.0,1.0,6.0,3.0,2.0,385.0,0.0,0.0,1.0,1.0,0.17
16.0,2.0,2.0,1.0,3.0,3.0,2.0,744.0,0.0,0.0,1.0,1.0,0.29
104.0,2.0,2.0,1.0,7.0,3.0,0.0,701.0,0.0,0.0,2.0,1.0,0.29
104.0,2.0,2.0,1.0,5.0,3.0,0.0,761.0,0.0,0.0,2.0,2.0,0.32
16.0,3.0,2.0,1.0,1.0,3.0,2.0,988.0,0.0,0.0,1.0,2.0,0.57
16.0,2.0,2.0,1.0,2.0,3.0,2.0,719.0,0.0,0.0,1.0,1.0,0.36
16.0,3.0,2.0,1.0,6.0,3.0,2.0,964.0,0.0,0.0,2.0,1.0,0.45
104.0,2.0,2.0,1.0,1.0,3.0,0.0,727.0,0.0,0.0,1.0,2.0,0.26
16.0,3.0,2.0,1.0,1.0,3.0,2.0,1155.0,0.0,0.0,1.0,1.0,0.68
104.0,3.0,2.0,1.0,5.0,3.0,0.0,1454.0,0.0,0.0,2.0,2.0,0.6
104.0,2.0,2.0,1.0,6.0,3.0,0.0,749.0,0.0,0.0,2.0,2.0,0.28
104.0,3.0,2.0,1.0,0.0,3.0,0.0,984.0,0.0,0.0,2.0,1.0,0.37
104.0,2.0,2.0,1.0,4.0,3.0,0.0,787.0,0.0,0.0,2.0,1.0,0.3
104.0,2.0,2.0,1.0,6.0,3.0,0.0,659.0,0.0,0.0,2.0,1.0,0.25
104.0,2.0,2.0,1.0,4.0,3.0,0.0,894.0,0.0,0.0,2.0,2.0,0.3
104.0,2.0,2.0,0.0,1.0,3.0,0.0,749.0,0.0,0.0,1.0,1.0,0.26
104.0,2.0,2.0,1.0,6.0,3.0,0.0,749.0,0.0,0.0,1.0,2.0,0.27
104.0,3.0,2.0,1.0,2.0,3.0,0.0,984.0,0.0,0.0,1.0,1.0,0.36
104.0,2.0,2.0,1.0,2.0,3.0,0.0,712.0,0.0,0.0,1.0,1.0,0.28
104.0,2.0,2.0,1.0,3.0,3.0,0.0,701.0,0.0,0.0,1.0,2.0,0.28
3.0,3.0,2.0,1.0,0.0,0.0,2.0,1009.0,0.0,0.0,1.0,2.0,0.5
104.0,2.0,2.0,1.0,3.0,3.0,0.0,719.0,0.0,0.0,2.0,2.0,0.29
2.0,3.0,2.0,2.0,6.0,0.0,2.0,984.0,0.0,0.0,1.0,1.0,0.55
100.0,3.0,2.0,1.0,4.0,3.0,2.0,984.0,0.0,0.0,1.0,1.0,0.55
73.0,3.0,2.0,2.0,6.0,3.0,2.0,1064.0,0.0,2.0,1.0,1.0,0.58
57.0,3.0,2.0,1.0,4.0,3.0,2.0,1078.0,0.0,0.0,1.0,1.0,0.69
57.0,3.0,2.0,1.0,4.0,3.0,2.0,1095.0,0.0,0.0,2.0,1.0,0.8
34.0,3.0,2.0,2.0,6.0,3.0,2.0,1121.0,0.0,0.0,1.0,1.0,0.75
100.0,2.0,2.0,1.0,6.0,3.0,2.0,727.0,0.0,0.0,1.0,1.0,0.51
83.0,3.0,2.0,1.0,5.0,3.0,2.0,958.0,0.0,0.0,1.0,1.0,0.6
2.0,1.0,1.0,1.0,0.0,3.0,2.0,389.0,0.0,0.0,1.0,1.0,0.18
114.0,3.0,2.0,1.0,3.0,3.0,2.0,1116.0,0.0,0.0,1.0,2.0,0.85
2.0,2.0,2.0,1.0,5.0,3.0,2.0,770.0,0.0,0.0,1.0,1.0,0.45
34.0,3.0,2.0,1.0,4.0,3.0,2.0,1454.0,0.0,0.0,1.0,2.0,0.98
2.0,4.0,3.0,1.0,0.0,3.0,2.0,2395.0,0.0,0.0,1.0,2.0,1.45
34.0,2.0,2.0,1.0,0.0,3.0,2.0,748.0,0.0,0.0,2.0,1.0,0.44
34.0,2.0,2.0,1.0,0.0,3.0,2.0,748.0,1.0,0.0,2.0,1.0,0.49
34.0,3.0,3.0,1.0,5.0,3.0,2.0,1488.0,0.0,0.0,2.0,1.0,0.87
32.0,2.0,1.0,1.0,6.0,3.0,1.0,684.0,0.0,0.0,1.0,1.0,0.3
32.0,1.0,1.0,0.0,1.0,3.0,1.0,420.0,0.0,0.0,2.0,2.0,0.19
32.0,1.0,1.0,1.0,7.0,3.0,1.0,474.0,0.0,0.0,2.0,2.0,0.21
32.0,1.0,1.0,0.0,5.0,3.0,1.0,360.0,0.0,0.0,2.0,2.0,0.16
32.0,2.0,2.0,1.0,5.0,3.0,1.0,615.0,0.0,0.0,1.0,1.0,0.27
66.0,3.0,2.0,1.0,5.0,3.0,1.0,1056.0,0.0,0.0,1.0,2.0,0.58
104.0,3.0,2.0,1.0,2.0,3.0,0.0,984.0,0.0,0.0,1.0,1.0,0.39
104.0,2.0,2.0,1.0,1.0,3.0,0.0,749.0,0.0,0.0,2.0,1.0,0.29
104.0,2.0,2.0,1.0,2.0,3.0,0.0,857.0,0.0,0.0,2.0,1.0,0.4
104.0,2.0,2.0,1.0,6.0,3.0,0.0,849.0,0.0,0.0,0.0,2.0,0.45
104.0,3.0,2.0,1.0,5.0,3.0,0.0,1068.0,0.0,0.0,0.0,2.0,0.65
104.0,2.0,2.0,1.0,3.0,3.0,0.0,807.0,0.0,0.0,2.0,1.0,0.4
104.0,3.0,3.0,1.0,1.0,3.0,0.0,1082.0,0.0,0.0,0.0,0.0,0.88
104.0,2.0,2.0,1.0,6.0,3.0,0.0,834.0,0.0,2.0,0.0,2.0,0.64
104.0,2.0,2.0,1.0,1.0,3.0,0.0,527.0,0.0,2.0,1.0,2.0,0.28
104.0,2.0,2.0,1.0,3.0,3.0,0.0,650.0,0.0,0.0,1.0,1.0,0.3
104.0,3.0,2.0,1.0,3.0,3.0,0.0,1082.0,0.0,0.0,0.0,2.0,0.89
13.0,3.0,2.0,1.0,5.0,3.0,1.0,1168.0,0.0,0.0,1.0,1.0,0.51
16.0,2.0,2.0,1.0,0.0,3.0,2.0,737.0,1.0,0.0,1.0,1.0,0.34
16.0,2.0,2.0,1.0,4.0,3.0,2.0,846.0,1.0,0.0,1.0,1.0,0.34
16.0,2.0,2.0,1.0,1.0,3.0,2.0,714.0,0.0,0.0,1.0,1.0,0.33
129.0,2.0,2.0,1.0,5.0,3.0,2.0,654.0,0.0,0.0,1.0,1.0,0.28
129.0,2.0,2.0,1.0,7.0,3.0,2.0,654.0,0.0,0.0,1.0,1.0,0.28
26.0,3.0,2.0,1.0,3.0,3.0,0.0,1197.0,0.0,0.0,0.0,1.0,1.21
104.0,2.0,2.0,1.0,0.0,3.0,0.0,676.0,0.0,0.0,1.0,2.0,0.27
104.0,3.0,2.0,1.0,1.0,3.0,0.0,938.0,0.0,0.0,1.0,2.0,0.37
5.0,2.0,2.0,1.0,2.0,3.0,1.0,678.0,0.0,0.0,1.0,1.0,0.22
5.0,2.0,2.0,1.0,5.0,3.0,1.0,614.0,0.0,0.0,1.0,2.0,0.2
6.0,3.0,2.0,1.0,3.0,3.0,1.0,967.0,0.0,0.0,1.0,1.0,0.32
16.0,2.0,2.0,1.0,6.0,3.0,2.0,733.0,0.0,0.0,2.0,2.0,0.31
90.0,3.0,4.0,4.0,4.0,0.0,0.0,2224.0,1.0,0.0,0.0,2.0,1.65
120.0,3.0,2.0,1.0,6.0,3.0,2.0,898.0,0.0,0.0,2.0,2.0,0.35
90.0,3.0,2.0,1.0,6.0,0.0,0.0,1088.0,0.0,0.0,2.0,0.0,1.45
90.0,2.0,2.0,1.0,0.0,3.0,0.0,942.0,0.0,0.0,0.0,1.0,0.72
90.0,2.0,2.0,2.0,3.0,3.0,0.0,908.0,0.0,0.0,0.0,0.0,1.4
104.0,3.0,2.0,1.0,0.0,0.0,0.0,1185.0,0.0,0.0,0.0,1.0,0.58
129.0,2.0,2.0,1.0,5.0,3.0,2.0,787.0,0.0,0.0,2.0,2.0,0.75
85.0,2.0,2.0,1.0,2.0,3.0,2.0,895.0,0.0,0.0,0.0,1.0,0.4
85.0,2.0,2.0,1.0,2.0,3.0,2.0,556.0,0.0,0.0,2.0,1.0,0.22
122.0,3.0,2.0,1.0,6.0,3.0,2.0,856.0,0.0,0.0,2.0,2.0,0.39
85.0,3.0,2.0,1.0,5.0,3.0,2.0,1021.0,0.0,0.0,2.0,2.0,0.46
82.0,2.0,2.0,1.0,6.0,0.0,2.0,642.0,0.0,0.0,1.0,2.0,0.32
59.0,2.0,2.0,1.0,2.0,3.0,2.0,663.0,0.0,0.0,2.0,2.0,0.35
104.0,3.0,3.0,1.0,7.0,3.0,0.0,948.0,0.0,0.0,0.0,1.0,0.85
27.0,2.0,2.0,1.0,0.0,0.0,0.0,679.0,0.0,0.0,0.0,1.0,0.38
90.0,2.0,2.0,1.0,5.0,0.0,0.0,1107.0,0.0,2.0,2.0,0.0,1.0
126.0,2.0,2.0,1.0,5.0,1.0,0.0,796.0,0.0,0.0,2.0,1.0,0.87
85.0,2.0,2.0,1.0,2.0,3.0,2.0,727.0,0.0,0.0,2.0,1.0,0.44
8.0,3.0,3.0,3.0,4.0,2.0,2.0,2235.0,1.0,0.0,1.0,2.0,3.95
1.0,4.0,4.0,2.0,4.0,3.0,2.0,2972.0,0.0,0.0,1.0,1.0,4.69
116.0,2.0,2.0,1.0,3.0,3.0,2.0,599.0,0.0,0.0,2.0,1.0,0.21
16.0,2.0,2.0,1.0,2.0,3.0,2.0,813.0,0.0,0.0,2.0,2.0,0.33
12.0,3.0,2.0,1.0,6.0,3.0,2.0,855.0,0.0,0.0,2.0,2.0,0.41
7.0,2.0,2.0,1.0,5.0,0.0,2.0,727.0,0.0,0.0,2.0,1.0,0.23
106.0,3.0,2.0,1.0,2.0,3.0,2.0,1052.0,0.0,0.0,1.0,1.0,0.4
10.0,3.0,2.0,1.0,4.0,1.0,2.0,1133.0,0.0,0.0,1.0,2.0,0.71
129.0,3.0,2.0,1.0,4.0,1.0,2.0,855.0,0.0,0.0,1.0,1.0,0.65
10.0,2.0,2.0,0.0,4.0,3.0,2.0,796.0,0.0,0.0,1.0,1.0,0.42
52.0,3.0,2.0,1.0,2.0,1.0,2.0,941.0,0.0,0.0,2.0,1.0,0.68
23.0,3.0,2.0,3.0,3.0,3.0,1.0,1091.0,0.0,0.0,1.0,2.0,0.43
104.0,2.0,2.0,1.0,7.0,3.0,0.0,841.0,0.0,0.0,1.0,2.0,0.29
90.0,6.0,4.0,2.0,4.0,3.0,0.0,2139.0,0.0,0.0,1.0,2.0,1.15
90.0,3.0,2.0,2.0,0.0,3.0,0.0,1069.0,0.0,0.0,1.0,1.0,0.61
129.0,3.0,2.0,1.0,4.0,2.0,2.0,1061.0,0.0,0.0,1.0,2.0,0.55
51.0,3.0,2.0,2.0,2.0,1.0,2.0,1091.0,0.0,0.0,1.0,1.0,1.15
104.0,2.0,2.0,1.0,5.0,1.0,0.0,767.0,0.0,0.0,1.0,2.0,0.43
8.0,3.0,2.0,1.0,5.0,1.0,2.0,1151.0,0.0,0.0,2.0,2.0,1.25
8.0,3.0,2.0,1.0,5.0,3.0,2.0,1249.0,0.0,0.0,2.0,1.0,1.36
70.0,2.0,2.0,1.0,5.0,3.0,2.0,855.0,0.0,0.0,1.0,1.0,0.65
100.0,3.0,3.0,1.0,5.0,3.0,2.0,1459.0,0.0,0.0,2.0,2.0,1.11
90.0,2.0,2.0,1.0,2.0,3.0,1.0,798.0,0.0,0.0,1.0,2.0,0.33
5.0,3.0,2.0,2.0,0.0,3.0,1.0,956.0,0.0,0.0,1.0,2.0,0.45
5.0,2.0,2.0,1.0,7.0,3.0,1.0,736.0,0.0,0.0,1.0,2.0,0.34
97.0,3.0,2.0,1.0,2.0,2.0,2.0,1069.0,0.0,0.0,1.0,2.0,0.77
82.0,4.0,4.0,4.0,3.0,2.0,2.0,2566.0,0.0,2.0,1.0,2.0,1.6
82.0,3.0,2.0,1.0,4.0,0.0,2.0,1048.0,0.0,0.0,1.0,1.0,0.67
129.0,4.0,3.0,3.0,0.0,3.0,2.0,2286.0,0.0,0.0,1.0,2.0,2.25
42.0,2.0,2.0,1.0,0.0,3.0,2.0,754.0,0.0,0.0,1.0,1.0,0.38
121.0,2.0,2.0,1.0,0.0,3.0,2.0,727.0,0.0,0.0,1.0,1.0,0.27
54.0,2.0,2.0,1.0,3.0,3.0,1.0,599.0,0.0,0.0,1.0,1.0,0.24
54.0,2.0,2.0,1.0,0.0,3.0,1.0,770.0,0.0,0.0,1.0,1.0,0.31
54.0,2.0,2.0,1.0,3.0,3.0,1.0,693.0,0.0,0.0,1.0,1.0,0.28
104.0,2.0,2.0,1.0,6.0,3.0,0.0,719.0,0.0,0.0,1.0,1.0,0.3
104.0,2.0,2.0,1.0,0.0,3.0,0.0,800.0,0.0,0.0,1.0,1.0,0.34
104.0,2.0,2.0,1.0,0.0,3.0,0.0,787.0,0.0,0.0,1.0,1.0,0.28
104.0,2.0,2.0,1.0,1.0,3.0,0.0,775.0,0.0,0.0,1.0,2.0,0.27
104.0,2.0,2.0,2.0,0.0,3.0,0.0,892.0,0.0,0.0,1.0,2.0,0.31
104.0,3.0,2.0,3.0,3.0,3.0,0.0,1044.0,0.0,0.0,1.0,1.0,0.36
73.0,3.0,2.0,1.0,2.0,0.0,2.0,1027.0,0.0,0.0,2.0,1.0,0.58
73.0,2.0,2.0,2.0,5.0,0.0,2.0,770.0,0.0,0.0,2.0,1.0,0.41
97.0,2.0,2.0,1.0,2.0,1.0,2.0,701.0,0.0,0.0,1.0,2.0,0.51
104.0,2.0,2.0,1.0,6.0,3.0,0.0,767.0,0.0,0.0,1.0,2.0,0.44
16.0,2.0,2.0,1.0,2.0,3.0,2.0,620.0,0.0,0.0,2.0,1.0,0.25
8.0,3.0,2.0,1.0,5.0,1.0,2.0,1248.0,0.0,0.0,1.0,1.0,1.36
34.0,3.0,2.0,3.0,3.0,3.0,2.0,1106.0,0.0,0.0,2.0,2.0,0.95
28.0,3.0,2.0,2.0,3.0,3.0,0.0,850.0,0.0,0.0,1.0,2.0,0.32
35.0,2.0,2.0,1.0,5.0,2.0,2.0,664.0,0.0,1.0,1.0,1.0,0.33
53.0,2.0,2.0,1.0,2.0,3.0,2.0,721.0,0.0,0.0,2.0,0.0,0.49
104.0,3.0,2.0,1.0,0.0,3.0,0.0,1082.0,0.0,0.0,2.0,0.0,0.9
88.0,3.0,2.0,1.0,5.0,3.0,2.0,994.0,0.0,0.0,2.0,1.0,0.46
88.0,2.0,2.0,1.0,3.0,3.0,2.0,708.0,0.0,0.0,2.0,1.0,0.33
86.0,2.0,1.0,0.0,6.0,1.0,2.0,536.0,0.0,0.0,2.0,1.0,0.25
25.0,3.0,3.0,1.0,1.0,3.0,1.0,1175.0,0.0,0.0,2.0,0.0,0.89
90.0,3.0,2.0,1.0,5.0,3.0,0.0,1369.0,0.0,0.0,1.0,1.0,0.86
90.0,3.0,2.0,1.0,3.0,3.0,0.0,1069.0,0.0,0.0,1.0,2.0,0.6
90.0,2.0,2.0,1.0,0.0,3.0,0.0,684.0,0.0,0.0,1.0,1.0,0.47
90.0,3.0,2.0,1.0,1.0,3.0,0.0,1112.0,0.0,0.0,1.0,2.0,0.65
122.0,2.0,2.0,1.0,6.0,3.0,2.0,749.0,0.0,0.0,2.0,2.0,0.3
59.0,2.0,2.0,1.0,4.0,3.0,2.0,615.0,0.0,0.0,1.0,1.0,0.27
85.0,2.0,2.0,1.0,4.0,3.0,2.0,612.0,0.0,0.0,1.0,1.0,0.3
78.0,2.0,2.0,1.0,4.0,2.0,2.0,955.0,1.0,1.0,1.0,2.0,1.4
8.0,3.0,3.0,0.0,4.0,2.0,2.0,1540.0,0.0,2.0,0.0,1.0,2.0
8.0,2.0,2.0,0.0,3.0,2.0,2.0,727.0,0.0,0.0,1.0,0.0,0.8
95.0,3.0,2.0,1.0,2.0,3.0,2.0,1187.0,0.0,0.0,2.0,1.0,1.25
123.0,4.0,4.0,1.0,4.0,3.0,2.0,2139.0,0.0,0.0,2.0,2.0,4.0
38.0,2.0,2.0,1.0,5.0,2.0,2.0,855.0,0.0,0.0,2.0,1.0,0.75
129.0,3.0,2.0,2.0,6.0,2.0,2.0,1177.0,0.0,0.0,1.0,2.0,0.95
82.0,3.0,2.0,1.0,5.0,0.0,2.0,1240.0,0.0,0.0,1.0,2.0,0.95
90.0,3.0,2.0,1.0,0.0,3.0,0.0,778.0,0.0,0.0,0.0,0.0,0.55
73.0,3.0,3.0,1.0,5.0,3.0,2.0,1380.0,0.0,0.0,2.0,1.0,0.86
73.0,3.0,2.0,1.0,5.0,3.0,2.0,1020.0,0.0,0.0,2.0,1.0,0.64
73.0,2.0,2.0,1.0,0.0,3.0,2.0,683.0,0.0,0.0,2.0,2.0,0.38
86.0,3.0,2.0,1.0,0.0,3.0,2.0,768.0,0.0,0.0,2.0,2.0,0.38
86.0,2.0,2.0,1.0,5.0,3.0,2.0,654.0,0.0,0.0,2.0,1.0,0.34
4.0,2.0,2.0,1.0,3.0,3.0,2.0,600.0,0.0,0.0,2.0,1.0,0.34
87.0,2.0,2.0,1.0,5.0,3.0,2.0,804.0,0.0,0.0,2.0,1.0,0.38
36.0,2.0,2.0,1.0,5.0,3.0,2.0,685.0,0.0,0.0,2.0,1.0,0.33
86.0,2.0,2.0,1.0,2.0,0.0,2.0,749.0,0.0,0.0,2.0,1.0,0.39
13.0,3.0,2.0,1.0,1.0,3.0,1.0,855.0,0.0,0.0,2.0,2.0,0.26
13.0,1.0,1.0,1.0,4.0,3.0,1.0,467.0,0.0,0.0,2.0,1.0,0.14
13.0,2.0,2.0,1.0,2.0,3.0,1.0,704.0,0.0,0.0,2.0,2.0,0.21
72.0,2.0,1.0,1.0,5.0,3.0,1.0,569.0,0.0,0.0,2.0,2.0,0.17
72.0,3.0,2.0,1.0,1.0,3.0,1.0,871.0,0.0,0.0,2.0,1.0,0.32
72.0,3.0,2.0,1.0,1.0,3.0,1.0,988.0,0.0,0.0,2.0,2.0,0.34
72.0,2.0,1.0,1.0,5.0,3.0,1.0,580.0,0.0,0.0,2.0,2.0,0.17
65.0,3.0,2.0,1.0,5.0,1.0,3.0,967.0,0.0,0.0,2.0,1.0,0.26
65.0,2.0,2.0,1.0,6.0,1.0,3.0,744.0,0.0,0.0,2.0,1.0,0.2
65.0,3.0,2.0,1.0,2.0,1.0,3.0,953.0,0.0,0.0,2.0,1.0,0.26
32.0,2.0,2.0,1.0,5.0,3.0,1.0,736.0,0.0,0.0,1.0,1.0,0.3
54.0,2.0,2.0,1.0,4.0,3.0,1.0,817.0,0.0,0.0,0.0,1.0,0.43
5.0,2.0,2.0,1.0,7.0,3.0,1.0,599.0,0.0,0.0,2.0,1.0,0.26
26.0,2.0,2.0,1.0,4.0,3.0,0.0,615.0,0.0,0.0,1.0,1.0,0.32
28.0,3.0,2.0,1.0,1.0,3.0,0.0,788.0,0.0,0.0,1.0,1.0,0.42
26.0,3.0,2.0,2.0,2.0,3.0,0.0,944.0,0.0,0.0,1.0,1.0,0.46
26.0,3.0,2.0,1.0,4.0,3.0,0.0,900.0,0.0,0.0,1.0,2.0,0.45
40.0,2.0,2.0,1.0,2.0,1.0,3.0,618.0,0.0,0.0,2.0,2.0,0.18
65.0,3.0,2.0,2.0,5.0,1.0,3.0,1115.0,0.0,0.0,2.0,2.0,0.35
65.0,3.0,2.0,1.0,6.0,1.0,3.0,911.0,0.0,0.0,0.0,2.0,0.29
65.0,2.0,2.0,2.0,3.0,1.0,3.0,924.0,0.0,0.0,0.0,2.0,0.29
65.0,2.0,2.0,1.0,2.0,1.0,3.0,928.0,0.0,0.0,0.0,1.0,0.29
65.0,2.0,2.0,1.0,2.0,1.0,3.0,543.0,0.0,0.0,2.0,1.0,0.14
65.0,3.0,2.0,1.0,2.0,1.0,3.0,749.0,0.0,0.0,2.0,1.0,0.21
65.0,2.0,2.0,1.0,3.0,1.0,3.0,749.0,0.0,0.0,2.0,1.0,0.21
40.0,2.0,2.0,1.0,2.0,1.0,3.0,577.0,0.0,0.0,2.0,1.0,0.16
65.0,2.0,2.0,1.0,3.0,1.0,3.0,515.0,0.0,0.0,1.0,1.0,0.14
65.0,2.0,2.0,1.0,6.0,1.0,3.0,775.0,0.0,0.0,2.0,2.0,0.23
65.0,2.0,2.0,1.0,5.0,1.0,3.0,623.0,0.0,0.0,2.0,2.0,0.18
65.0,2.0,2.0,1.0,5.0,1.0,3.0,650.0,0.0,0.0,2.0,1.0,0.17
65.0,2.0,2.0,1.0,2.0,1.0,3.0,578.0,0.0,0.0,2.0,1.0,0.16
65.0,2.0,2.0,1.0,5.0,1.0,3.0,633.0,0.0,0.0,2.0,1.0,0.16
10.0,3.0,3.0,2.0,5.0,2.0,2.0,1625.0,0.0,2.0,1.0,1.0,1.25
5.0,2.0,2.0,1.0,3.0,3.0,1.0,692.0,0.0,0.0,1.0,1.0,0.34
65.0,2.0,2.0,1.0,5.0,1.0,3.0,735.0,0.0,0.0,2.0,2.0,0.15
65.0,1.0,1.0,1.0,4.0,1.0,3.0,363.0,0.0,0.0,2.0,1.0,0.1
102.0,3.0,2.0,1.0,6.0,3.0,1.0,821.0,0.0,0.0,1.0,1.0,0.36
54.0,3.0,2.0,1.0,1.0,3.0,1.0,855.0,0.0,0.0,1.0,1.0,0.38
54.0,2.0,2.0,1.0,4.0,3.0,1.0,678.0,0.0,0.0,1.0,1.0,0.28
54.0,3.0,2.0,1.0,6.0,3.0,1.0,901.0,0.0,0.0,2.0,1.0,0.37
54.0,2.0,2.0,1.0,1.0,3.0,1.0,729.0,0.0,0.0,1.0,1.0,0.3
54.0,2.0,2.0,1.0,1.0,3.0,1.0,690.0,0.0,0.0,1.0,1.0,0.28
54.0,3.0,2.0,1.0,5.0,3.0,1.0,855.0,0.0,0.0,2.0,1.0,0.37
131.0,3.0,2.0,1.0,0.0,0.0,1.0,1573.0,0.0,0.0,2.0,1.0,1.1
65.0,2.0,2.0,1.0,2.0,1.0,3.0,663.0,0.0,0.0,2.0,1.0,0.21
65.0,2.0,2.0,1.0,6.0,3.0,3.0,648.0,0.0,0.0,2.0,2.0,0.19
65.0,2.0,2.0,1.0,2.0,3.0,3.0,522.0,0.0,0.0,2.0,1.0,0.15
65.0,2.0,2.0,1.0,0.0,3.0,3.0,807.0,0.0,0.0,2.0,2.0,0.24
65.0,3.0,2.0,2.0,0.0,3.0,3.0,997.0,0.0,0.0,2.0,2.0,0.3
65.0,2.0,2.0,1.0,3.0,3.0,3.0,684.0,0.0,0.0,2.0,1.0,0.22
65.0,2.0,2.0,1.0,5.0,3.0,3.0,706.0,0.0,0.0,2.0,2.0,0.22
65.0,3.0,2.0,2.0,1.0,3.0,3.0,855.0,0.0,0.0,1.0,1.0,0.27
5.0,2.0,2.0,1.0,5.0,3.0,1.0,684.0,0.0,0.0,2.0,2.0,0.34
5.0,3.0,2.0,1.0,7.0,3.0,1.0,855.0,0.0,0.0,2.0,1.0,0.42
5.0,2.0,2.0,1.0,5.0,3.0,1.0,855.0,0.0,0.0,2.0,2.0,0.35
32.0,2.0,2.0,1.0,4.0,3.0,1.0,732.0,0.0,0.0,1.0,1.0,0.39
32.0,2.0,2.0,1.0,1.0,3.0,1.0,666.0,0.0,0.0,0.0,1.0,0.35
54.0,1.0,1.0,1.0,5.0,3.0,1.0,385.0,0.0,0.0,1.0,1.0,0.16
54.0,3.0,2.0,1.0,5.0,3.0,1.0,984.0,0.0,0.0,1.0,2.0,0.52
54.0,2.0,2.0,1.0,5.0,3.0,1.0,815.0,0.0,0.0,1.0,2.0,0.42
54.0,2.0,2.0,1.0,2.0,3.0,1.0,817.0,0.0,0.0,1.0,1.0,0.43
54.0,2.0,2.0,1.0,2.0,3.0,1.0,787.0,0.0,0.0,1.0,1.0,0.41
54.0,2.0,2.0,1.0,2.0,3.0,1.0,815.0,0.0,0.0,1.0,1.0,0.43
5.0,2.0,2.0,1.0,3.0,3.0,1.0,800.0,0.0,0.0,1.0,1.0,0.39
5.0,2.0,2.0,1.0,3.0,3.0,1.0,761.0,0.0,0.0,1.0,2.0,0.37
5.0,3.0,2.0,1.0,3.0,3.0,1.0,855.0,0.0,0.0,1.0,1.0,0.42
5.0,2.0,2.0,1.0,5.0,0.0,1.0,692.0,0.0,2.0,1.0,2.0,0.31
5.0,2.0,2.0,1.0,0.0,3.0,1.0,822.0,0.0,0.0,1.0,2.0,0.36
5.0,2.0,2.0,1.0,0.0,3.0,1.0,821.0,0.0,0.0,1.0,1.0,0.36
5.0,2.0,1.0,1.0,1.0,3.0,1.0,684.0,0.0,0.0,1.0,1.0,0.32
5.0,2.0,2.0,1.0,0.0,3.0,1.0,821.0,0.0,0.0,1.0,1.0,0.4
5.0,2.0,2.0,1.0,5.0,3.0,1.0,650.0,0.0,0.0,1.0,1.0,0.32
85.0,2.0,2.0,1.0,5.0,3.0,2.0,778.0,0.0,0.0,0.0,2.0,0.29
85.0,2.0,2.0,1.0,6.0,3.0,2.0,821.0,0.0,0.0,0.0,1.0,0.31
85.0,2.0,2.0,1.0,0.0,3.0,2.0,830.0,0.0,0.0,0.0,2.0,0.31
14.0,2.0,2.0,1.0,2.0,3.0,2.0,719.0,0.0,0.0,0.0,1.0,0.28
14.0,2.0,2.0,1.0,4.0,3.0,2.0,770.0,0.0,0.0,0.0,1.0,0.3
14.0,3.0,2.0,1.0,2.0,3.0,2.0,915.0,0.0,0.0,0.0,1.0,0.35
14.0,2.0,2.0,1.0,6.0,3.0,2.0,719.0,0.0,0.0,0.0,2.0,0.28
14.0,3.0,2.0,1.0,5.0,3.0,2.0,954.0,0.0,0.0,0.0,2.0,0.37
5.0,1.0,1.0,1.0,0.0,3.0,1.0,411.0,0.0,0.0,1.0,1.0,0.11
32.0,3.0,2.0,1.0,5.0,1.0,1.0,958.0,0.0,0.0,2.0,2.0,0.5
54.0,2.0,2.0,1.0,2.0,3.0,1.0,815.0,0.0,0.0,1.0,1.0,0.43
90.0,3.0,2.0,2.0,0.0,3.0,0.0,1027.0,0.0,0.0,1.0,2.0,0.86
90.0,3.0,2.0,1.0,7.0,3.0,0.0,1112.0,0.0,0.0,1.0,2.0,0.85
90.0,3.0,2.0,1.0,6.0,3.0,0.0,1198.0,0.0,0.0,2.0,2.0,0.9
5.0,2.0,2.0,1.0,0.0,3.0,0.0,582.0,0.0,0.0,1.0,1.0,0.18
90.0,2.0,2.0,1.0,7.0,3.0,0.0,684.0,0.0,0.0,1.0,2.0,0.55
90.0,2.0,2.0,1.0,0.0,3.0,0.0,843.0,0.0,0.0,1.0,2.0,0.58
90.0,3.0,2.0,1.0,6.0,3.0,0.0,1027.0,0.0,0.0,1.0,2.0,0.78
90.0,3.0,2.0,1.0,6.0,3.0,0.0,1069.0,0.0,0.0,1.0,2.0,0.75
90.0,3.0,2.0,2.0,1.0,3.0,0.0,1252.0,0.0,0.0,1.0,1.0,0.83
90.0,3.0,2.0,2.0,3.0,3.0,0.0,1252.0,0.0,0.0,1.0,1.0,0.85
90.0,2.0,2.0,1.0,2.0,3.0,0.0,838.0,0.0,0.0,1.0,2.0,0.44
90.0,3.0,2.0,1.0,3.0,3.0,0.0,1069.0,0.0,0.0,1.0,2.0,0.64
90.0,2.0,2.0,1.0,6.0,3.0,0.0,838.0,0.0,0.0,1.0,2.0,0.45
90.0,3.0,2.0,1.0,6.0,3.0,0.0,1069.0,0.0,0.0,2.0,2.0,0.63
86.0,3.0,2.0,1.0,5.0,3.0,2.0,1001.0,0.0,0.0,2.0,2.0,0.47
86.0,2.0,2.0,1.0,5.0,1.0,2.0,861.0,0.0,0.0,2.0,1.0,0.4
88.0,2.0,2.0,1.0,4.0,1.0,2.0,662.0,0.0,0.0,2.0,1.0,0.31
86.0,2.0,2.0,1.0,2.0,3.0,2.0,708.0,0.0,0.0,1.0,1.0,0.33
88.0,3.0,2.0,1.0,4.0,0.0,2.0,1240.0,0.0,2.0,1.0,1.0,0.76
57.0,3.0,2.0,2.0,5.0,3.0,2.0,898.0,0.0,0.0,0.0,1.0,0.47
81.0,4.0,3.0,3.0,2.0,3.0,2.0,1535.0,0.0,0.0,0.0,1.0,0.99
81.0,3.0,2.0,1.0,2.0,1.0,2.0,1119.0,0.0,0.0,0.0,1.0,0.78
81.0,3.0,2.0,1.0,0.0,3.0,2.0,1074.0,0.0,0.0,0.0,2.0,0.69
85.0,3.0,2.0,1.0,4.0,3.0,2.0,997.0,0.0,0.0,0.0,2.0,0.45
85.0,3.0,2.0,1.0,5.0,3.0,2.0,1021.0,0.0,0.0,2.0,2.0,0.45
88.0,2.0,2.0,1.0,2.0,3.0,2.0,828.0,0.0,0.0,2.0,2.0,0.39
86.0,3.0,2.0,1.0,0.0,3.0,2.0,1092.0,0.0,0.0,2.0,1.0,0.51
36.0,2.0,2.0,1.0,5.0,3.0,2.0,796.0,0.0,0.0,2.0,1.0,0.6
36.0,3.0,2.0,1.0,2.0,3.0,2.0,1074.0,0.0,0.0,2.0,1.0,0.65
103.0,3.0,2.0,1.0,6.0,0.0,3.0,855.0,0.0,0.0,2.0,2.0,0.47
82.0,3.0,2.0,1.0,6.0,1.0,2.0,1112.0,0.0,0.0,2.0,1.0,0.78
103.0,2.0,2.0,1.0,6.0,3.0,3.0,855.0,0.0,0.0,2.0,1.0,0.5
107.0,3.0,3.0,2.0,6.0,2.0,3.0,1373.0,0.0,0.0,2.0,2.0,0.65
88.0,3.0,2.0,1.0,5.0,3.0,2.0,1001.0,0.0,0.0,2.0,2.0,0.47
86.0,3.0,2.0,1.0,4.0,3.0,2.0,1098.0,0.0,0.0,2.0,1.0,0.51
86.0,3.0,2.0,1.0,6.0,3.0,2.0,937.0,0.0,0.0,2.0,1.0,0.46
88.0,2.0,1.0,0.0,6.0,3.0,2.0,590.0,0.0,0.0,2.0,2.0,0.28
86.0,2.0,2.0,1.0,6.0,1.0,2.0,662.0,0.0,0.0,2.0,1.0,0.31
88.0,2.0,2.0,1.0,5.0,1.0,2.0,861.0,0.0,0.0,2.0,1.0,0.4
86.0,3.0,2.0,1.0,0.0,3.0,2.0,813.0,0.0,0.0,2.0,2.0,0.4
86.0,3.0,2.0,1.0,5.0,3.0,2.0,1186.0,0.0,0.0,2.0,1.0,0.58
81.0,3.0,2.0,1.0,6.0,3.0,2.0,881.0,0.0,2.0,2.0,1.0,0.51
81.0,2.0,2.0,1.0,3.0,0.0,2.0,941.0,0.0,0.0,2.0,2.0,0.48
88.0,3.0,2.0,1.0,2.0,3.0,2.0,994.0,0.0,0.0,2.0,1.0,0.46
86.0,2.0,2.0,0.0,4.0,3.0,2.0,544.0,0.0,0.0,2.0,1.0,0.25
88.0,2.0,2.0,1.0,3.0,3.0,2.0,708.0,0.0,0.0,2.0,1.0,0.33
59.0,3.0,2.0,1.0,5.0,2.0,2.0,1052.0,0.0,0.0,2.0,2.0,0.55
8.0,4.0,4.0,2.0,3.0,3.0,2.0,2403.0,1.0,0.0,1.0,2.0,4.0
115.0,3.0,3.0,1.0,2.0,3.0,2.0,1497.0,0.0,0.0,2.0,2.0,2.2
115.0,3.0,3.0,1.0,4.0,3.0,2.0,1675.0,1.0,0.0,2.0,2.0,2.31
18.0,3.0,3.0,0.0,2.0,3.0,0.0,1443.0,0.0,1.0,2.0,1.0,1.9
90.0,2.0,2.0,1.0,0.0,3.0,0.0,766.0,1.0,0.0,2.0,1.0,0.46
90.0,3.0,2.0,2.0,6.0,3.0,0.0,1124.0,1.0,0.0,2.0,1.0,0.66
26.0,2.0,2.0,1.0,0.0,1.0,0.0,671.0,0.0,0.0,1.0,1.0,0.35
26.0,3.0,2.0,2.0,6.0,1.0,0.0,1008.0,0.0,0.0,1.0,1.0,0.53
22.0,2.0,2.0,1.0,4.0,3.0,2.0,616.0,0.0,0.0,1.0,1.0,0.32
104.0,2.0,2.0,1.0,5.0,3.0,0.0,741.0,0.0,0.0,1.0,1.0,0.3
104.0,2.0,2.0,2.0,0.0,3.0,0.0,723.0,0.0,0.0,1.0,2.0,0.3
104.0,2.0,2.0,1.0,3.0,3.0,0.0,678.0,0.0,0.0,1.0,2.0,0.28
104.0,3.0,2.0,1.0,4.0,3.0,0.0,922.0,0.0,0.0,1.0,2.0,0.38
104.0,2.0,2.0,1.0,0.0,3.0,0.0,749.0,0.0,0.0,1.0,1.0,0.31
104.0,2.0,2.0,1.0,5.0,3.0,0.0,757.0,0.0,0.0,1.0,2.0,0.31
104.0,3.0,2.0,1.0,3.0,3.0,0.0,1010.0,0.0,0.0,2.0,2.0,0.41
104.0,3.0,2.0,1.0,3.0,3.0,0.0,911.0,0.0,0.0,1.0,2.0,0.37
104.0,3.0,2.0,1.0,4.0,3.0,0.0,894.0,0.0,0.0,2.0,1.0,0.37
61.0,3.0,2.0,2.0,2.0,3.0,2.0,1327.0,0.0,0.0,1.0,2.0,1.3
14.0,3.0,2.0,1.0,2.0,3.0,2.0,915.0,0.0,0.0,1.0,1.0,0.35
121.0,3.0,3.0,3.0,5.0,0.0,1.0,2010.0,0.0,2.0,1.0,2.0,0.7
32.0,2.0,1.0,1.0,2.0,3.0,1.0,638.0,0.0,0.0,1.0,2.0,0.24
32.0,2.0,2.0,1.0,0.0,3.0,1.0,655.0,0.0,0.0,1.0,1.0,0.25
32.0,2.0,2.0,1.0,0.0,3.0,1.0,681.0,0.0,0.0,2.0,1.0,0.22
108.0,3.0,2.0,1.0,4.0,3.0,2.0,1112.0,0.0,2.0,2.0,1.0,1.5
1.0,4.0,4.0,1.0,3.0,3.0,2.0,1978.0,1.0,0.0,2.0,2.0,3.56
1.0,4.0,4.0,1.0,2.0,3.0,2.0,1585.0,1.0,0.0,0.0,1.0,2.9
90.0,3.0,2.0,2.0,2.0,0.0,0.0,1513.0,0.0,1.0,2.0,0.0,1.0
90.0,3.0,2.0,2.0,6.0,0.0,0.0,1512.0,0.0,0.0,0.0,0.0,0.95
90.0,3.0,4.0,3.0,2.0,0.0,0.0,1550.0,1.0,0.0,2.0,0.0,1.43
90.0,3.0,4.0,3.0,4.0,0.0,0.0,1600.0,1.0,0.0,0.0,0.0,1.42
90.0,3.0,2.0,1.0,2.0,1.0,0.0,630.0,0.0,0.0,1.0,2.0,0.56
5.0,1.0,1.0,1.0,4.0,1.0,1.0,369.0,0.0,0.0,1.0,2.0,0.13
5.0,3.0,2.0,2.0,4.0,1.0,1.0,1033.0,0.0,0.0,1.0,1.0,0.48
5.0,2.0,2.0,1.0,5.0,3.0,1.0,635.0,0.0,0.0,1.0,1.0,0.21
6.0,2.0,2.0,1.0,1.0,3.0,1.0,560.0,0.0,0.0,1.0,1.0,0.18
5.0,2.0,2.0,1.0,5.0,3.0,1.0,608.0,0.0,0.0,1.0,1.0,0.23
5.0,3.0,2.0,1.0,5.0,3.0,1.0,874.0,0.0,0.0,1.0,1.0,0.34
5.0,2.0,2.0,1.0,3.0,3.0,1.0,2823.0,0.0,0.0,1.0,1.0,0.25
5.0,2.0,1.0,1.0,1.0,3.0,1.0,554.0,0.0,0.0,2.0,1.0,0.21
23.0,3.0,2.0,2.0,7.0,3.0,1.0,1090.0,0.0,0.0,1.0,2.0,0.46
104.0,3.0,2.0,2.0,4.0,3.0,0.0,1050.0,0.0,0.0,1.0,2.0,0.56
16.0,2.0,2.0,0.0,6.0,1.0,2.0,732.0,0.0,0.0,1.0,1.0,0.27
120.0,1.0,1.0,1.0,4.0,1.0,2.0,376.0,0.0,0.0,0.0,1.0,0.16
119.0,3.0,2.0,2.0,7.0,2.0,1.0,1000.0,0.0,1.0,2.0,1.0,0.8
16.0,2.0,2.0,1.0,6.0,1.0,2.0,648.0,0.0,0.0,2.0,1.0,0.35
16.0,2.0,2.0,1.0,6.0,1.0,2.0,607.0,0.0,0.0,1.0,1.0,0.32
16.0,2.0,2.0,1.0,6.0,1.0,2.0,616.0,0.0,0.0,1.0,1.0,0.33
121.0,2.0,2.0,1.0,1.0,3.0,1.0,614.0,0.0,0.0,1.0,2.0,0.23
121.0,2.0,2.0,1.0,1.0,3.0,1.0,614.0,0.0,0.0,1.0,1.0,0.23
121.0,3.0,2.0,1.0,7.0,3.0,1.0,950.0,0.0,0.0,1.0,2.0,0.36
121.0,3.0,2.0,1.0,0.0,3.0,1.0,958.0,0.0,0.0,2.0,2.0,0.36
16.0,3.0,2.0,1.0,6.0,1.0,2.0,990.0,0.0,0.0,0.0,1.0,0.4
90.0,2.0,2.0,1.0,3.0,2.0,0.0,700.0,0.0,0.0,0.0,2.0,0.49
90.0,3.0,2.0,2.0,0.0,2.0,0.0,1100.0,0.0,0.0,1.0,0.0,0.86
121.0,2.0,2.0,1.0,0.0,3.0,1.0,565.0,0.0,0.0,1.0,1.0,0.21
121.0,2.0,2.0,1.0,7.0,3.0,1.0,565.0,0.0,0.0,1.0,2.0,0.21
121.0,2.0,2.0,1.0,4.0,3.0,1.0,565.0,0.0,0.0,1.0,2.0,0.21
121.0,2.0,2.0,1.0,7.0,3.0,1.0,719.0,0.0,0.0,1.0,2.0,0.27
121.0,2.0,2.0,1.0,1.0,3.0,1.0,746.0,0.0,0.0,1.0,1.0,0.28
121.0,2.0,2.0,1.0,0.0,3.0,1.0,746.0,0.0,0.0,1.0,1.0,0.28
121.0,2.0,2.0,1.0,1.0,3.0,1.0,746.0,0.0,0.0,0.0,2.0,0.28
90.0,2.0,2.0,1.0,1.0,2.0,0.0,700.0,0.0,0.0,0.0,2.0,0.49
104.0,3.0,3.0,1.0,0.0,3.0,0.0,1082.0,0.0,0.0,0.0,0.0,0.88
104.0,2.0,2.0,1.0,5.0,3.0,0.0,924.0,0.0,0.0,1.0,0.0,0.68
121.0,3.0,2.0,2.0,2.0,1.0,1.0,1215.0,0.0,0.0,2.0,2.0,0.43
16.0,2.0,2.0,1.0,0.0,3.0,2.0,719.0,0.0,0.0,2.0,1.0,0.3
16.0,3.0,2.0,1.0,0.0,3.0,2.0,907.0,0.0,0.0,2.0,2.0,0.35
16.0,2.0,2.0,0.0,4.0,3.0,2.0,728.0,0.0,0.0,2.0,1.0,0.27
16.0,2.0,2.0,0.0,4.0,3.0,2.0,731.0,0.0,0.0,1.0,1.0,0.27
12.0,2.0,2.0,1.0,2.0,3.0,2.0,643.0,0.0,0.0,1.0,1.0,0.23
16.0,2.0,2.0,1.0,6.0,3.0,2.0,642.0,0.0,0.0,1.0,1.0,0.33
16.0,2.0,2.0,1.0,6.0,3.0,2.0,645.0,0.0,0.0,2.0,1.0,0.33
16.0,2.0,2.0,1.0,6.0,1.0,2.0,719.0,0.0,0.0,2.0,1.0,0.3
90.0,3.0,3.0,2.0,6.0,3.0,0.0,1356.0,0.0,1.0,2.0,0.0,1.25
90.0,3.0,3.0,2.0,4.0,3.0,0.0,1374.0,0.0,0.0,2.0,2.0,1.18
90.0,3.0,3.0,2.0,5.0,3.0,0.0,1497.0,0.0,0.0,1.0,0.0,1.26
120.0,2.0,2.0,1.0,6.0,1.0,2.0,604.0,0.0,0.0,2.0,1.0,0.25
120.0,2.0,1.0,1.0,6.0,3.0,2.0,637.0,0.0,0.0,0.0,1.0,0.27
104.0,2.0,2.0,1.0,1.0,3.0,0.0,834.0,0.0,0.0,2.0,0.0,0.62
86.0,2.0,2.0,1.0,4.0,3.0,2.0,765.0,0.0,0.0,2.0,2.0,0.32
57.0,3.0,2.0,1.0,2.0,3.0,2.0,1152.0,0.0,0.0,2.0,2.0,0.88
100.0,3.0,2.0,1.0,3.0,3.0,2.0,900.0,0.0,0.0,2.0,1.0,0.68
73.0,3.0,2.0,1.0,2.0,3.0,2.0,1100.0,0.0,0.0,1.0,2.0,0.63
12.0,2.0,2.0,1.0,5.0,3.0,2.0,642.0,0.0,0.0,2.0,1.0,0.23
116.0,2.0,2.0,1.0,6.0,3.0,2.0,860.0,0.0,0.0,2.0,2.0,0.35
90.0,3.0,4.0,2.0,0.0,0.0,0.0,1672.0,1.0,0.0,2.0,0.0,1.15
90.0,3.0,3.0,2.0,5.0,3.0,0.0,1215.0,0.0,0.0,2.0,0.0,1.2
90.0,2.0,2.0,2.0,3.0,3.0,0.0,1075.0,0.0,0.0,1.0,0.0,0.75
54.0,3.0,2.0,2.0,6.0,1.0,1.0,953.0,0.0,0.0,1.0,2.0,0.49
5.0,3.0,2.0,1.0,7.0,3.0,1.0,942.0,0.0,0.0,1.0,2.0,0.37
5.0,2.0,2.0,1.0,0.0,3.0,1.0,727.0,0.0,0.0,0.0,1.0,0.29
49.0,3.0,2.0,2.0,5.0,0.0,2.0,1480.0,0.0,0.0,1.0,2.0,1.26
121.0,3.0,2.0,1.0,2.0,3.0,1.0,984.0,0.0,0.0,1.0,2.0,0.37
121.0,3.0,2.0,1.0,6.0,3.0,1.0,984.0,0.0,0.0,1.0,2.0,0.37
121.0,2.0,2.0,1.0,7.0,3.0,1.0,624.0,0.0,0.0,1.0,2.0,0.24
121.0,2.0,2.0,1.0,7.0,3.0,1.0,624.0,0.0,0.0,1.0,1.0,0.24
121.0,2.0,2.0,1.0,5.0,3.0,1.0,624.0,0.0,0.0,1.0,2.0,0.24
121.0,2.0,2.0,1.0,4.0,3.0,1.0,624.0,0.0,0.0,1.0,2.0,0.24
5.0,2.0,2.0,1.0,0.0,3.0,1.0,689.0,0.0,0.0,1.0,2.0,0.28
5.0,2.0,2.0,1.0,0.0,3.0,1.0,689.0,0.0,0.0,1.0,2.0,0.28
5.0,2.0,2.0,1.0,1.0,3.0,1.0,774.0,0.0,0.0,1.0,2.0,0.32
121.0,2.0,2.0,1.0,2.0,3.0,1.0,795.0,0.0,0.0,1.0,2.0,0.46
121.0,2.0,2.0,1.0,2.0,3.0,1.0,795.0,1.0,0.0,1.0,0.0,0.49
121.0,2.0,2.0,2.0,2.0,3.0,1.0,813.0,0.0,0.0,2.0,0.0,0.48
121.0,3.0,2.0,2.0,2.0,3.0,1.0,992.0,0.0,0.0,2.0,0.0,0.58
121.0,3.0,2.0,1.0,2.0,3.0,1.0,1163.0,0.0,0.0,2.0,2.0,0.7
121.0,3.0,2.0,2.0,0.0,3.0,1.0,1001.0,0.0,0.0,2.0,2.0,0.58
121.0,3.0,2.0,2.0,0.0,3.0,1.0,992.0,0.0,0.0,1.0,2.0,0.57
12.0,2.0,2.0,1.0,6.0,1.0,2.0,634.0,0.0,0.0,1.0,1.0,0.32
53.0,3.0,2.0,2.0,3.0,3.0,2.0,1018.0,0.0,0.0,1.0,1.0,0.39
53.0,2.0,2.0,1.0,3.0,3.0,2.0,719.0,0.0,0.0,2.0,1.0,0.28
16.0,3.0,2.0,1.0,3.0,3.0,2.0,1225.0,0.0,0.0,1.0,1.0,0.55
64.0,3.0,2.0,2.0,5.0,1.0,1.0,1006.0,0.0,0.0,1.0,2.0,0.38
64.0,2.0,2.0,1.0,5.0,1.0,1.0,736.0,0.0,0.0,1.0,2.0,0.28
64.0,3.0,2.0,2.0,5.0,1.0,1.0,1015.0,0.0,0.0,1.0,2.0,0.38
64.0,2.0,2.0,2.0,5.0,1.0,1.0,766.0,0.0,0.0,1.0,2.0,0.29
64.0,2.0,2.0,1.0,5.0,1.0,1.0,727.0,0.0,0.0,2.0,2.0,0.27
100.0,3.0,2.0,1.0,6.0,3.0,2.0,828.0,0.0,0.0,2.0,1.0,0.72
2.0,3.0,2.0,1.0,0.0,3.0,2.0,1020.0,0.0,0.0,2.0,1.0,0.7
73.0,3.0,2.0,1.0,4.0,3.0,2.0,736.0,0.0,0.0,2.0,1.0,0.41
34.0,2.0,2.0,1.0,0.0,3.0,2.0,660.0,0.0,0.0,1.0,2.0,0.37
121.0,3.0,2.0,1.0,7.0,1.0,1.0,898.0,0.0,0.0,0.0,2.0,0.34
119.0,3.0,2.0,2.0,1.0,2.0,1.0,1000.0,0.0,0.0,1.0,1.0,0.81
64.0,3.0,3.0,2.0,2.0,1.0,1.0,1046.0,0.0,0.0,1.0,2.0,0.41
16.0,2.0,2.0,1.0,6.0,3.0,2.0,642.0,0.0,0.0,1.0,1.0,0.34
12.0,2.0,2.0,1.0,1.0,3.0,2.0,642.0,0.0,0.0,1.0,1.0,0.27
120.0,2.0,2.0,1.0,4.0,3.0,2.0,609.0,0.0,0.0,1.0,1.0,0.25
12.0,2.0,2.0,1.0,4.0,3.0,2.0,640.0,0.0,0.0,1.0,1.0,0.32
12.0,2.0,1.0,0.0,3.0,3.0,2.0,513.0,0.0,0.0,1.0,1.0,0.26
121.0,2.0,2.0,1.0,6.0,3.0,1.0,687.0,0.0,0.0,1.0,2.0,0.24
121.0,2.0,2.0,1.0,4.0,3.0,1.0,687.0,0.0,0.0,1.0,1.0,0.24
121.0,2.0,2.0,1.0,0.0,3.0,1.0,687.0,0.0,0.0,1.0,1.0,0.24
121.0,2.0,2.0,1.0,5.0,3.0,1.0,573.0,0.0,0.0,1.0,1.0,0.21
121.0,2.0,2.0,1.0,4.0,3.0,1.0,749.0,0.0,0.0,1.0,1.0,0.28
121.0,2.0,2.0,1.0,3.0,3.0,1.0,573.0,0.0,0.0,1.0,2.0,0.21
121.0,2.0,2.0,1.0,4.0,3.0,1.0,749.0,0.0,0.0,0.0,2.0,0.28
104.0,2.0,2.0,1.0,5.0,3.0,0.0,834.0,0.0,0.0,0.0,0.0,0.64
104.0,3.0,2.0,1.0,0.0,3.0,0.0,1082.0,0.0,0.0,2.0,1.0,0.88
90.0,3.0,2.0,2.0,3.0,3.0,0.0,1286.0,0.0,0.0,2.0,0.0,1.15
90.0,2.0,2.0,2.0,5.0,0.0,0.0,1075.0,0.0,0.0,2.0,2.0,0.75
90.0,3.0,4.0,2.0,4.0,3.0,0.0,1487.0,0.0,2.0,2.0,0.0,1.25
90.0,3.0,3.0,2.0,5.0,3.0,0.0,1374.0,0.0,0.0,0.0,0.0,1.2
90.0,3.0,3.0,3.0,7.0,0.0,0.0,1323.0,0.0,2.0,0.0,2.0,1.35
90.0,4.0,4.0,4.0,6.0,0.0,0.0,2224.0,1.0,0.0,0.0,2.0,1.5
93.0,4.0,3.0,2.0,6.0,3.0,1.0,1460.0,0.0,0.0,0.0,0.0,1.4
93.0,3.0,3.0,2.0,7.0,3.0,1.0,1107.0,0.0,0.0,1.0,0.0,1.06
37.0,3.0,2.0,1.0,5.0,3.0,2.0,1990.0,0.0,0.0,1.0,1.0,3.0
73.0,3.0,2.0,1.0,0.0,1.0,2.0,1061.0,0.0,0.0,1.0,1.0,0.82
8.0,4.0,4.0,2.0,4.0,2.0,2.0,2256.0,0.0,1.0,1.0,1.0,1.85
8.0,3.0,2.0,1.0,5.0,1.0,2.0,1430.0,0.0,0.0,1.0,2.0,1.8
8.0,3.0,3.0,1.0,5.0,2.0,2.0,1986.0,0.0,1.0,1.0,2.0,1.85
123.0,2.0,2.0,1.0,5.0,2.0,2.0,1142.0,0.0,0.0,1.0,1.0,1.35
43.0,3.0,3.0,1.0,5.0,1.0,2.0,1110.0,0.0,0.0,1.0,2.0,1.32
100.0,4.0,3.0,1.0,2.0,0.0,2.0,1745.0,0.0,0.0,1.0,1.0,1.42
123.0,3.0,3.0,2.0,6.0,0.0,2.0,1716.0,0.0,2.0,1.0,1.0,2.0
100.0,3.0,2.0,1.0,5.0,3.0,2.0,1233.0,0.0,0.0,1.0,1.0,0.8
30.0,3.0,2.0,1.0,5.0,2.0,2.0,1167.0,0.0,0.0,1.0,2.0,0.83
61.0,3.0,2.0,1.0,5.0,2.0,2.0,1342.0,0.0,0.0,1.0,1.0,1.2
100.0,2.0,2.0,1.0,4.0,3.0,2.0,899.0,0.0,0.0,1.0,1.0,0.59
80.0,2.0,2.0,1.0,5.0,2.0,2.0,1078.0,0.0,0.0,0.0,1.0,0.85
104.0,3.0,2.0,1.0,3.0,3.0,0.0,1099.0,0.0,0.0,1.0,0.0,0.95
104.0,2.0,2.0,1.0,7.0,3.0,0.0,706.0,0.0,0.0,0.0,1.0,0.3
90.0,3.0,3.0,2.0,3.0,1.0,0.0,1212.0,0.0,0.0,0.0,2.0,1.07
90.0,3.0,3.0,2.0,0.0,3.0,0.0,1399.0,0.0,0.0,0.0,0.0,1.97
90.0,3.0,3.0,3.0,6.0,3.0,0.0,2196.0,0.0,0.0,0.0,2.0,1.85
90.0,2.0,2.0,2.0,1.0,3.0,0.0,1080.0,0.0,2.0,0.0,0.0,0.75
90.0,3.0,2.0,2.0,5.0,1.0,0.0,1327.0,0.0,0.0,1.0,2.0,1.35
5.0,2.0,2.0,1.0,6.0,3.0,1.0,736.0,0.0,0.0,1.0,1.0,0.28
5.0,2.0,2.0,1.0,3.0,3.0,1.0,778.0,0.0,0.0,1.0,1.0,0.29
5.0,1.0,1.0,1.0,2.0,3.0,1.0,479.0,0.0,0.0,1.0,1.0,0.17
5.0,2.0,2.0,1.0,5.0,3.0,1.0,650.0,0.0,0.0,1.0,1.0,0.23
5.0,2.0,2.0,1.0,3.0,3.0,1.0,674.0,0.0,0.0,1.0,1.0,0.24
5.0,1.0,1.0,1.0,5.0,3.0,1.0,483.0,0.0,0.0,1.0,1.0,0.17
5.0,2.0,2.0,1.0,0.0,3.0,1.0,667.0,0.0,0.0,2.0,1.0,0.23
5.0,2.0,2.0,1.0,7.0,3.0,1.0,676.0,0.0,0.0,1.0,1.0,0.24
5.0,2.0,2.0,1.0,4.0,3.0,1.0,727.0,0.0,0.0,1.0,1.0,0.3
5.0,3.0,2.0,1.0,7.0,3.0,1.0,941.0,0.0,0.0,1.0,1.0,0.39
5.0,1.0,1.0,0.0,0.0,3.0,0.0,381.0,0.0,0.0,1.0,2.0,0.14
5.0,3.0,2.0,2.0,4.0,3.0,1.0,1081.0,0.0,0.0,1.0,2.0,0.41
5.0,2.0,1.0,1.0,5.0,3.0,0.0,551.0,0.0,0.0,1.0,1.0,0.2
5.0,1.0,1.0,1.0,4.0,3.0,1.0,457.0,0.0,0.0,1.0,1.0,0.16
5.0,2.0,2.0,1.0,2.0,3.0,1.0,547.0,0.0,0.0,1.0,1.0,0.19
5.0,2.0,2.0,1.0,3.0,3.0,1.0,813.0,0.0,0.0,1.0,2.0,0.33
126.0,2.0,2.0,1.0,7.0,3.0,0.0,802.0,0.0,0.0,2.0,2.0,0.45
126.0,3.0,3.0,1.0,7.0,3.0,0.0,1144.0,0.0,0.0,2.0,2.0,1.13
126.0,3.0,3.0,1.0,5.0,3.0,0.0,1144.0,0.0,0.0,2.0,2.0,1.12
126.0,3.0,2.0,2.0,4.0,3.0,0.0,946.0,0.0,0.0,0.0,1.0,0.8
34.0,4.0,4.0,1.0,1.0,0.0,2.0,2977.0,0.0,2.0,0.0,0.0,3.0
34.0,3.0,4.0,2.0,4.0,0.0,2.0,2056.0,0.0,0.0,0.0,0.0,1.7
34.0,2.0,2.0,2.0,0.0,0.0,2.0,1032.0,0.0,0.0,1.0,2.0,0.9
85.0,2.0,2.0,1.0,3.0,3.0,2.0,754.0,0.0,0.0,1.0,1.0,0.41
94.0,3.0,2.0,2.0,4.0,3.0,2.0,1577.0,0.0,0.0,0.0,0.0,1.5
34.0,3.0,3.0,2.0,6.0,0.0,2.0,1700.0,1.0,0.0,1.0,0.0,1.7
39.0,2.0,2.0,1.0,3.0,3.0,2.0,1150.0,0.0,0.0,1.0,1.0,0.8
85.0,2.0,2.0,1.0,3.0,3.0,2.0,758.0,0.0,0.0,1.0,1.0,0.45
85.0,2.0,2.0,1.0,7.0,3.0,2.0,787.0,0.0,0.0,2.0,1.0,0.46
85.0,2.0,2.0,1.0,0.0,3.0,2.0,650.0,0.0,0.0,1.0,1.0,0.42
85.0,3.0,2.0,1.0,6.0,3.0,2.0,1056.0,0.0,0.0,2.0,1.0,0.6
21.0,4.0,4.0,1.0,5.0,3.0,2.0,2419.0,1.0,0.0,2.0,2.0,3.9
21.0,3.0,3.0,1.0,6.0,3.0,2.0,1749.0,1.0,0.0,1.0,2.0,3.15
1.0,3.0,3.0,1.0,5.0,3.0,2.0,1548.0,1.0,0.0,1.0,2.0,2.47
1.0,4.0,4.0,1.0,2.0,3.0,2.0,1585.0,1.0,0.0,1.0,2.0,2.54
1.0,4.0,4.0,2.0,3.0,3.0,2.0,1978.0,1.0,0.0,1.0,2.0,3.14
100.0,3.0,2.0,2.0,3.0,2.0,2.0,1247.0,1.0,0.0,0.0,0.0,1.8
90.0,3.0,3.0,3.0,5.0,3.0,0.0,2317.0,1.0,0.0,0.0,0.0,2.95
90.0,3.0,3.0,3.0,4.0,3.0,0.0,1870.0,1.0,0.0,0.0,0.0,2.45
104.0,3.0,3.0,2.0,4.0,3.0,0.0,1120.0,0.0,0.0,1.0,0.0,0.9
72.0,2.0,2.0,1.0,5.0,1.0,1.0,715.0,0.0,0.0,1.0,1.0,0.22
72.0,2.0,2.0,1.0,5.0,1.0,1.0,631.0,0.0,0.0,1.0,2.0,0.16
72.0,2.0,2.0,1.0,5.0,1.0,1.0,685.0,0.0,0.0,1.0,2.0,0.21
46.0,2.0,2.0,1.0,5.0,1.0,1.0,683.0,0.0,0.0,1.0,2.0,0.21
46.0,2.0,2.0,1.0,5.0,1.0,1.0,674.0,0.0,0.0,1.0,1.0,0.19
46.0,2.0,2.0,1.0,5.0,1.0,1.0,707.0,0.0,0.0,0.0,1.0,0.2
53.0,3.0,2.0,1.0,3.0,3.0,2.0,813.0,0.0,0.0,2.0,0.0,0.63
53.0,2.0,2.0,1.0,6.0,3.0,2.0,660.0,0.0,0.0,0.0,0.0,0.5
53.0,2.0,2.0,2.0,1.0,3.0,2.0,663.0,0.0,0.0,0.0,0.0,0.53
53.0,3.0,2.0,3.0,4.0,3.0,2.0,930.0,0.0,0.0,2.0,0.0,0.65
86.0,3.0,2.0,1.0,6.0,3.0,2.0,983.0,0.0,0.0,2.0,1.0,0.41
88.0,2.0,2.0,1.0,5.0,3.0,2.0,728.0,0.0,0.0,2.0,1.0,0.33
86.0,3.0,2.0,1.0,2.0,3.0,2.0,1161.0,0.0,0.0,2.0,1.0,0.57
88.0,3.0,2.0,1.0,2.0,3.0,2.0,1092.0,0.0,0.0,2.0,2.0,0.51
86.0,2.0,2.0,1.0,2.0,3.0,2.0,693.0,0.0,0.0,2.0,1.0,0.27
36.0,2.0,1.0,0.0,6.0,1.0,2.0,590.0,0.0,0.0,2.0,2.0,0.28
88.0,2.0,2.0,1.0,5.0,3.0,2.0,697.0,0.0,0.0,2.0,1.0,0.31
88.0,2.0,2.0,1.0,2.0,1.0,2.0,839.0,0.0,0.0,2.0,1.0,0.39
88.0,3.0,2.0,2.0,6.0,1.0,2.0,918.0,0.0,0.0,2.0,1.0,0.43
88.0,3.0,2.0,1.0,5.0,1.0,2.0,978.0,0.0,0.0,2.0,1.0,0.46
36.0,2.0,2.0,1.0,6.0,3.0,2.0,642.0,0.0,0.0,2.0,2.0,0.24
36.0,1.0,1.0,0.0,2.0,3.0,2.0,376.0,0.0,0.0,1.0,1.0,0.14
36.0,2.0,1.0,0.0,5.0,3.0,2.0,470.0,0.0,0.0,2.0,1.0,0.17
86.0,3.0,2.0,1.0,5.0,1.0,2.0,937.0,0.0,0.0,2.0,1.0,0.46
86.0,3.0,2.0,1.0,2.0,1.0,2.0,813.0,0.0,0.0,2.0,1.0,0.4
86.0,3.0,2.0,1.0,5.0,1.0,2.0,1186.0,0.0,0.0,1.0,1.0,0.58
67.0,2.0,2.0,1.0,5.0,0.0,2.0,727.0,0.0,0.0,1.0,1.0,0.25
67.0,2.0,2.0,1.0,5.0,3.0,2.0,636.0,0.0,0.0,2.0,2.0,0.23
86.0,2.0,2.0,1.0,6.0,1.0,2.0,727.0,0.0,0.0,2.0,1.0,0.36
36.0,2.0,2.0,1.0,5.0,3.0,2.0,619.0,0.0,0.0,2.0,1.0,0.28
88.0,2.0,2.0,1.0,6.0,1.0,2.0,730.0,0.0,0.0,2.0,2.0,0.32
34.0,2.0,1.0,1.0,2.0,2.0,2.0,573.0,0.0,2.0,1.0,1.0,0.3
65.0,2.0,2.0,1.0,4.0,3.0,3.0,642.0,0.0,0.0,1.0,1.0,0.17
65.0,3.0,2.0,1.0,0.0,3.0,3.0,1018.0,0.0,0.0,1.0,1.0,0.27
65.0,2.0,2.0,1.0,6.0,3.0,3.0,636.0,0.0,0.0,1.0,1.0,0.17
65.0,1.0,1.0,1.0,4.0,3.0,3.0,406.0,0.0,0.0,2.0,2.0,0.11
65.0,2.0,2.0,1.0,4.0,3.0,3.0,727.0,0.0,0.0,1.0,1.0,0.19
65.0,2.0,2.0,1.0,0.0,3.0,3.0,693.0,0.0,0.0,1.0,1.0,0.19
65.0,2.0,2.0,1.0,4.0,3.0,3.0,680.0,0.0,0.0,1.0,1.0,0.18
65.0,2.0,2.0,1.0,0.0,3.0,3.0,659.0,0.0,0.0,1.0,1.0,0.17
65.0,2.0,2.0,1.0,4.0,3.0,3.0,599.0,0.0,0.0,1.0,1.0,0.17
65.0,2.0,2.0,1.0,3.0,3.0,3.0,678.0,0.0,0.0,1.0,1.0,0.18
65.0,3.0,2.0,1.0,1.0,3.0,3.0,825.0,0.0,0.0,1.0,2.0,0.21
65.0,2.0,2.0,1.0,5.0,3.0,3.0,678.0,0.0,0.0,2.0,1.0,0.18
90.0,2.0,2.0,1.0,5.0,3.0,0.0,1063.0,0.0,0.0,2.0,0.0,0.74
90.0,2.0,2.0,1.0,5.0,3.0,0.0,1075.0,0.0,0.0,2.0,0.0,0.74
90.0,3.0,2.0,2.0,7.0,3.0,0.0,1049.0,0.0,0.0,2.0,0.0,0.82
97.0,3.0,2.0,2.0,2.0,1.0,2.0,1089.0,0.0,0.0,2.0,1.0,0.76
62.0,1.0,1.0,0.0,2.0,1.0,2.0,304.0,0.0,0.0,1.0,1.0,0.18
46.0,2.0,2.0,1.0,1.0,3.0,1.0,535.0,0.0,0.0,1.0,1.0,0.16
72.0,2.0,2.0,1.0,1.0,3.0,1.0,678.0,0.0,0.0,1.0,2.0,0.19
121.0,2.0,2.0,1.0,4.0,3.0,1.0,599.0,0.0,0.0,1.0,1.0,0.22
121.0,2.0,2.0,1.0,7.0,3.0,1.0,599.0,0.0,0.0,2.0,1.0,0.2
86.0,2.0,2.0,1.0,6.0,1.0,2.0,609.0,0.0,0.0,1.0,1.0,0.3
73.0,3.0,2.0,1.0,4.0,0.0,2.0,1067.0,0.0,0.0,2.0,2.0,0.52
100.0,2.0,2.0,1.0,2.0,1.0,0.0,667.0,0.0,0.0,1.0,2.0,0.39
57.0,2.0,2.0,1.0,0.0,1.0,2.0,691.0,0.0,0.0,1.0,2.0,0.4
73.0,2.0,2.0,1.0,2.0,1.0,2.0,731.0,0.0,0.0,1.0,2.0,0.38
73.0,3.0,2.0,1.0,5.0,1.0,2.0,901.0,0.0,0.0,2.0,2.0,0.47
121.0,2.0,2.0,1.0,4.0,3.0,1.0,800.0,0.0,0.0,2.0,1.0,0.2
121.0,3.0,2.0,1.0,4.0,3.0,1.0,1100.0,0.0,0.0,2.0,2.0,0.37
121.0,3.0,2.0,1.0,4.0,3.0,1.0,1100.0,0.0,0.0,2.0,1.0,0.32
121.0,1.0,1.0,0.0,4.0,3.0,1.0,470.0,0.0,0.0,2.0,1.0,0.12
121.0,2.0,2.0,1.0,4.0,3.0,1.0,680.0,0.0,0.0,2.0,1.0,0.17
96.0,2.0,2.0,1.0,2.0,3.0,1.0,650.0,0.0,0.0,2.0,2.0,0.18
121.0,2.0,1.0,1.0,7.0,3.0,1.0,620.0,0.0,0.0,2.0,2.0,0.16
121.0,2.0,1.0,1.0,4.0,3.0,1.0,670.0,0.0,0.0,1.0,2.0,0.17
121.0,2.0,1.0,1.0,3.0,3.0,1.0,600.0,0.0,0.0,2.0,2.0,0.15
121.0,2.0,1.0,1.0,4.0,3.0,1.0,660.0,0.0,0.0,1.0,2.0,0.17
121.0,2.0,1.0,1.0,2.0,3.0,1.0,650.0,0.0,0.0,1.0,2.0,0.19
33.0,3.0,2.0,2.0,6.0,3.0,1.0,1350.0,0.0,0.0,1.0,1.0,0.51
82.0,2.0,2.0,1.0,5.0,3.0,2.0,867.0,0.0,0.0,1.0,2.0,0.42
26.0,2.0,2.0,1.0,5.0,3.0,0.0,855.0,0.0,0.0,1.0,1.0,0.45
34.0,3.0,3.0,1.0,2.0,2.0,2.0,1136.0,0.0,0.0,1.0,0.0,0.99
132.0,3.0,2.0,1.0,1.0,3.0,3.0,1044.0,0.0,0.0,2.0,2.0,0.46
132.0,3.0,2.0,2.0,4.0,3.0,3.0,1215.0,0.0,0.0,1.0,1.0,0.54
132.0,3.0,2.0,1.0,4.0,3.0,3.0,1548.0,0.0,0.0,1.0,1.0,0.69
132.0,2.0,2.0,1.0,1.0,3.0,3.0,898.0,0.0,0.0,1.0,1.0,0.4
32.0,1.0,1.0,1.0,4.0,3.0,1.0,513.0,0.0,0.0,1.0,1.0,0.29
32.0,2.0,2.0,0.0,6.0,3.0,1.0,684.0,0.0,0.0,1.0,1.0,0.38
66.0,2.0,2.0,1.0,6.0,3.0,3.0,847.0,0.0,0.0,1.0,2.0,0.28
5.0,2.0,2.0,1.0,3.0,3.0,1.0,790.0,0.0,0.0,0.0,1.0,0.39
85.0,2.0,2.0,1.0,7.0,0.0,2.0,770.0,0.0,2.0,0.0,2.0,0.5
85.0,2.0,2.0,1.0,0.0,0.0,2.0,760.0,0.0,0.0,0.0,1.0,0.45
85.0,2.0,2.0,1.0,2.0,0.0,2.0,761.0,0.0,2.0,0.0,2.0,0.46
85.0,1.0,1.0,0.0,5.0,0.0,2.0,616.0,0.0,0.0,0.0,2.0,0.34
85.0,2.0,2.0,1.0,3.0,0.0,2.0,898.0,0.0,0.0,0.0,2.0,0.56
85.0,2.0,2.0,1.0,2.0,0.0,2.0,770.0,0.0,0.0,2.0,2.0,0.46
104.0,3.0,2.0,1.0,5.0,3.0,0.0,1002.0,0.0,0.0,2.0,2.0,0.62
104.0,3.0,2.0,1.0,6.0,0.0,0.0,1002.0,0.0,0.0,1.0,0.0,0.64
85.0,2.0,2.0,0.0,4.0,0.0,2.0,796.0,0.0,0.0,2.0,1.0,0.47
90.0,3.0,3.0,1.0,0.0,3.0,0.0,1242.0,0.0,0.0,0.0,0.0,0.95
85.0,2.0,2.0,1.0,0.0,0.0,2.0,898.0,0.0,0.0,0.0,1.0,0.54
85.0,3.0,3.0,2.0,0.0,0.0,2.0,1711.0,0.0,0.0,1.0,2.0,1.0
72.0,2.0,2.0,1.0,0.0,0.0,1.0,914.0,0.0,0.0,0.0,0.0,0.55
104.0,2.0,2.0,1.0,3.0,3.0,0.0,767.0,0.0,0.0,2.0,0.0,0.35
104.0,2.0,2.0,1.0,4.0,0.0,0.0,849.0,0.0,0.0,2.0,0.0,0.44
92.0,3.0,2.0,2.0,1.0,3.0,0.0,1050.0,0.0,0.0,0.0,0.0,0.55
25.0,3.0,2.0,1.0,1.0,3.0,1.0,1300.0,0.0,0.0,0.0,1.0,1.0
60.0,3.0,3.0,1.0,7.0,3.0,1.0,1470.0,0.0,0.0,2.0,2.0,2.9
85.0,1.0,1.0,0.0,7.0,0.0,2.0,479.0,0.0,0.0,0.0,1.0,0.3
85.0,2.0,2.0,1.0,3.0,0.0,2.0,770.0,0.0,0.0,1.0,2.0,0.47
104.0,2.0,3.0,1.0,4.0,3.0,0.0,950.0,0.0,0.0,2.0,1.0,0.42
92.0,2.0,2.0,1.0,5.0,0.0,0.0,825.0,0.0,0.0,2.0,2.0,0.48
104.0,3.0,2.0,2.0,6.0,3.0,0.0,1025.0,0.0,0.0,2.0,0.0,0.9
85.0,2.0,2.0,1.0,3.0,0.0,2.0,902.0,0.0,0.0,0.0,2.0,0.55
45.0,2.0,2.0,1.0,6.0,0.0,3.0,1001.0,0.0,2.0,0.0,0.0,0.9
71.0,3.0,2.0,1.0,5.0,3.0,1.0,1101.0,0.0,0.0,0.0,0.0,0.9
71.0,2.0,2.0,1.0,1.0,3.0,1.0,817.0,0.0,0.0,0.0,2.0,0.7
71.0,4.0,3.0,1.0,6.0,3.0,1.0,1560.0,0.0,0.0,2.0,2.0,1.33
126.0,2.0,2.0,1.0,4.0,0.0,0.0,1287.0,0.0,1.0,2.0,2.0,1.05
34.0,3.0,2.0,1.0,7.0,3.0,0.0,1500.0,0.0,1.0,2.0,0.0,1.35
34.0,3.0,3.0,1.0,0.0,3.0,0.0,1500.0,0.0,1.0,0.0,0.0,1.3
126.0,3.0,2.0,1.0,5.0,0.0,0.0,1503.0,0.0,0.0,2.0,2.0,1.3
73.0,3.0,2.0,1.0,5.0,3.0,2.0,1074.0,0.0,0.0,2.0,1.0,0.55
73.0,2.0,2.0,1.0,5.0,3.0,2.0,746.0,0.0,0.0,2.0,1.0,0.44
73.0,3.0,2.0,1.0,4.0,0.0,2.0,1009.0,0.0,0.0,2.0,2.0,0.5
100.0,3.0,3.0,1.0,2.0,2.0,2.0,1354.0,0.0,0.0,1.0,0.0,2.0
36.0,3.0,2.0,1.0,6.0,2.0,2.0,1122.0,0.0,0.0,1.0,2.0,0.48
36.0,3.0,2.0,1.0,5.0,2.0,2.0,1027.0,0.0,2.0,1.0,2.0,0.64
82.0,3.0,3.0,2.0,4.0,1.0,2.0,1069.0,0.0,0.0,1.0,1.0,0.68
78.0,3.0,3.0,1.0,1.0,2.0,2.0,1326.0,0.0,0.0,1.0,2.0,1.6
97.0,3.0,2.0,1.0,6.0,2.0,2.0,1069.0,0.0,2.0,1.0,2.0,0.78
107.0,1.0,1.0,0.0,5.0,0.0,2.0,470.0,0.0,0.0,1.0,2.0,0.15
82.0,2.0,2.0,1.0,7.0,2.0,2.0,813.0,0.0,0.0,2.0,1.0,0.38
74.0,3.0,2.0,1.0,4.0,3.0,2.0,991.0,0.0,0.0,1.0,2.0,0.56
36.0,2.0,2.0,1.0,6.0,1.0,2.0,707.0,0.0,0.0,1.0,1.0,0.32
74.0,2.0,2.0,1.0,3.0,3.0,2.0,813.0,0.0,2.0,2.0,1.0,0.46
74.0,2.0,2.0,1.0,4.0,3.0,2.0,823.0,0.0,0.0,2.0,2.0,0.47
36.0,2.0,2.0,1.0,7.0,2.0,2.0,727.0,0.0,0.0,1.0,2.0,0.36
82.0,2.0,2.0,1.0,7.0,3.0,2.0,684.0,0.0,0.0,1.0,1.0,0.42
36.0,3.0,2.0,1.0,0.0,1.0,2.0,967.0,0.0,0.0,1.0,2.0,0.7
36.0,2.0,2.0,1.0,6.0,1.0,2.0,633.0,0.0,0.0,2.0,2.0,0.29
129.0,4.0,3.0,2.0,1.0,2.0,2.0,1848.0,0.0,1.0,1.0,2.0,3.0
106.0,3.0,2.0,1.0,1.0,0.0,2.0,967.0,0.0,0.0,2.0,1.0,0.42
126.0,5.0,4.0,2.0,3.0,0.0,0.0,2626.0,0.0,1.0,2.0,1.0,3.8
85.0,2.0,2.0,1.0,0.0,3.0,2.0,772.0,0.0,0.0,2.0,2.0,0.41
85.0,3.0,2.0,1.0,0.0,3.0,2.0,987.0,0.0,0.0,1.0,2.0,0.47
8.0,3.0,2.0,1.0,4.0,2.0,2.0,1071.0,0.0,0.0,1.0,2.0,1.55
129.0,3.0,2.0,1.0,7.0,2.0,2.0,1069.0,0.0,0.0,2.0,2.0,0.52
49.0,3.0,2.0,1.0,4.0,2.0,2.0,1275.0,0.0,2.0,0.0,0.0,1.25
49.0,2.0,2.0,1.0,5.0,2.0,2.0,1078.0,0.0,1.0,1.0,2.0,1.12
123.0,4.0,3.0,2.0,1.0,3.0,2.0,1540.0,0.0,2.0,2.0,1.0,1.9
94.0,3.0,2.0,1.0,5.0,3.0,2.0,1300.0,0.0,0.0,0.0,1.0,0.75
59.0,2.0,2.0,1.0,5.0,3.0,2.0,820.0,0.0,0.0,0.0,2.0,0.5
59.0,3.0,2.0,2.0,2.0,0.0,2.0,1200.0,0.0,0.0,0.0,1.0,0.75
36.0,2.0,2.0,1.0,2.0,0.0,2.0,800.0,0.0,0.0,1.0,2.0,0.5
90.0,3.0,2.0,2.0,5.0,3.0,0.0,1369.0,0.0,0.0,2.0,2.0,0.85
53.0,3.0,3.0,2.0,0.0,3.0,2.0,930.0,0.0,0.0,0.0,0.0,0.65
53.0,3.0,2.0,1.0,7.0,3.0,2.0,905.0,0.0,0.0,2.0,0.0,0.6
53.0,3.0,2.0,1.0,2.0,3.0,2.0,905.0,0.0,0.0,2.0,1.0,0.62
53.0,2.0,2.0,2.0,6.0,3.0,2.0,747.0,0.0,0.0,2.0,1.0,0.5
53.0,3.0,2.0,3.0,0.0,3.0,2.0,930.0,0.0,0.0,2.0,0.0,0.66
53.0,3.0,2.0,3.0,6.0,3.0,2.0,965.0,0.0,0.0,0.0,0.0,0.68
59.0,3.0,2.0,2.0,3.0,3.0,2.0,1200.0,0.0,0.0,0.0,2.0,0.74
94.0,3.0,2.0,1.0,2.0,0.0,2.0,1350.0,0.0,0.0,1.0,1.0,0.75
36.0,4.0,4.0,4.0,5.0,2.0,2.0,2834.0,0.0,0.0,0.0,0.0,2.85
35.0,3.0,2.0,1.0,5.0,3.0,2.0,1067.0,0.0,0.0,1.0,1.0,0.6
16.0,3.0,2.0,1.0,6.0,3.0,2.0,841.0,0.0,0.0,2.0,2.0,0.51
34.0,2.0,2.0,1.0,3.0,0.0,0.0,992.0,0.0,0.0,1.0,2.0,0.65
10.0,1.0,1.0,1.0,5.0,0.0,2.0,452.0,0.0,0.0,0.0,2.0,0.16
104.0,2.0,2.0,1.0,6.0,3.0,0.0,667.0,0.0,0.0,0.0,2.0,0.36
36.0,3.0,2.0,1.0,5.0,0.0,2.0,1163.0,0.0,0.0,1.0,2.0,1.05
8.0,3.0,2.0,1.0,0.0,2.0,2.0,1426.0,0.0,0.0,1.0,1.0,1.4
16.0,3.0,3.0,1.0,0.0,3.0,2.0,1236.0,0.0,0.0,0.0,1.0,0.68
15.0,2.0,2.0,1.0,3.0,3.0,2.0,548.0,0.0,1.0,1.0,2.0,0.23
5.0,1.0,1.0,1.0,0.0,2.0,1.0,461.0,0.0,0.0,1.0,1.0,0.16
105.0,1.0,1.0,0.0,3.0,0.0,2.0,539.0,0.0,0.0,1.0,1.0,0.21
16.0,3.0,2.0,1.0,4.0,2.0,2.0,986.0,0.0,0.0,1.0,2.0,0.45
34.0,3.0,2.0,1.0,6.0,3.0,0.0,1600.0,1.0,1.0,1.0,0.0,1.75
89.0,2.0,1.0,1.0,5.0,2.0,2.0,539.0,0.0,0.0,1.0,1.0,0.3
104.0,2.0,2.0,1.0,1.0,4.0,0.0,736.0,0.0,0.0,0.0,1.0,0.32
121.0,2.0,1.0,1.0,5.0,2.0,1.0,445.0,0.0,0.0,1.0,1.0,0.16
37.0,3.0,1.0,0.0,4.0,2.0,2.0,900.0,0.0,0.0,1.0,1.0,0.7
16.0,3.0,2.0,1.0,0.0,2.0,2.0,770.0,0.0,2.0,1.0,1.0,0.33
50.0,2.0,2.0,0.0,0.0,2.0,1.0,513.0,0.0,0.0,0.0,2.0,0.2
104.0,4.0,3.0,2.0,3.0,2.0,0.0,1424.0,0.0,0.0,1.0,2.0,0.91
34.0,3.0,2.0,2.0,6.0,3.0,2.0,968.0,0.0,0.0,2.0,2.0,0.45
130.0,3.0,3.0,2.0,5.0,0.0,2.0,1373.0,0.0,0.0,1.0,2.0,1.3
21.0,4.0,3.0,1.0,0.0,2.0,2.0,1480.0,0.0,2.0,2.0,2.0,1.6
104.0,2.0,2.0,1.0,0.0,1.0,0.0,835.0,0.0,0.0,1.0,2.0,0.37
129.0,1.0,1.0,0.0,5.0,1.0,2.0,342.0,0.0,0.0,2.0,1.0,0.14
118.0,2.0,2.0,1.0,6.0,1.0,3.0,736.0,0.0,0.0,1.0,0.0,0.4
104.0,3.0,2.0,2.0,7.0,3.0,0.0,1186.0,0.0,2.0,1.0,1.0,0.64
111.0,2.0,2.0,1.0,6.0,1.0,1.0,754.0,0.0,0.0,1.0,0.0,0.85
32.0,2.0,2.0,1.0,4.0,1.0,1.0,909.0,0.0,0.0,1.0,1.0,0.39
90.0,2.0,2.0,1.0,5.0,2.0,1.0,727.0,0.0,0.0,1.0,1.0,0.24
104.0,2.0,1.0,1.0,5.0,0.0,0.0,922.0,0.0,0.0,1.0,2.0,0.23
32.0,2.0,2.0,1.0,1.0,1.0,1.0,995.0,0.0,0.0,1.0,2.0,0.45
5.0,2.0,2.0,1.0,6.0,2.0,0.0,757.0,0.0,0.0,1.0,2.0,0.38
104.0,2.0,2.0,1.0,0.0,1.0,0.0,650.0,0.0,0.0,1.0,1.0,0.43
16.0,2.0,2.0,1.0,5.0,1.0,2.0,599.0,0.0,0.0,1.0,1.0,0.27
53.0,2.0,2.0,1.0,5.0,3.0,2.0,684.0,0.0,0.0,2.0,1.0,0.38
79.0,2.0,2.0,1.0,0.0,0.0,3.0,707.0,0.0,0.0,0.0,2.0,0.24
53.0,2.0,2.0,1.0,2.0,3.0,2.0,602.0,0.0,0.0,1.0,1.0,0.55
32.0,2.0,1.0,1.0,5.0,0.0,1.0,701.0,0.0,0.0,2.0,2.0,0.27
36.0,2.0,2.0,1.0,2.0,3.0,2.0,895.0,0.0,0.0,1.0,1.0,0.57
32.0,2.0,1.0,1.0,5.0,2.0,1.0,571.0,0.0,0.0,1.0,2.0,0.25
41.0,2.0,1.0,0.0,4.0,0.0,2.0,500.0,0.0,0.0,0.0,1.0,0.15
90.0,3.0,2.0,2.0,0.0,0.0,0.0,1172.0,0.0,1.0,0.0,2.0,1.25
17.0,3.0,3.0,2.0,0.0,0.0,2.0,1095.0,0.0,0.0,1.0,2.0,0.7
104.0,3.0,2.0,2.0,2.0,0.0,0.0,1077.0,0.0,0.0,1.0,2.0,0.65
118.0,2.0,1.0,1.0,4.0,4.0,3.0,624.0,0.0,0.0,1.0,2.0,0.24
20.0,1.0,1.0,1.0,4.0,3.0,3.0,410.0,0.0,0.0,1.0,1.0,0.09
0.0,2.0,1.0,1.0,1.0,2.0,2.0,679.0,0.0,0.0,2.0,1.0,0.16
98.0,3.0,2.0,3.0,2.0,2.0,1.0,1289.0,0.0,1.0,1.0,2.0,1.79
91.0,2.0,1.0,1.0,2.0,3.0,1.0,633.0,0.0,0.0,2.0,2.0,0.24
114.0,2.0,1.0,0.0,4.0,3.0,3.0,558.0,0.0,0.0,2.0,1.0,0.33
26.0,2.0,2.0,1.0,1.0,0.0,0.0,1012.0,0.0,0.0,1.0,2.0,0.54
36.0,2.0,2.0,1.0,4.0,0.0,2.0,770.0,0.0,0.0,1.0,1.0,0.35
11.0,3.0,3.0,2.0,2.0,1.0,1.0,823.0,0.0,0.0,1.0,1.0,0.35
32.0,2.0,2.0,1.0,5.0,0.0,1.0,642.0,1.0,0.0,1.0,1.0,0.2
125.0,2.0,2.0,1.0,1.0,3.0,2.0,886.0,0.0,0.0,1.0,1.0,0.75
8.0,2.0,1.0,1.0,7.0,2.0,2.0,556.0,0.0,0.0,1.0,2.0,0.4
81.0,3.0,2.0,1.0,4.0,3.0,2.0,1300.0,0.0,1.0,0.0,2.0,0.84
81.0,3.0,2.0,1.0,4.0,4.0,2.0,1076.0,0.0,1.0,1.0,2.0,0.85
18.0,4.0,4.0,2.0,5.0,3.0,0.0,1625.0,1.0,0.0,1.0,0.0,2.0
93.0,3.0,2.0,2.0,5.0,1.0,1.0,1050.0,0.0,1.0,1.0,0.0,1.3
68.0,2.0,1.0,0.0,5.0,1.0,1.0,289.0,0.0,0.0,0.0,1.0,0.12
72.0,3.0,2.0,1.0,0.0,2.0,1.0,927.0,0.0,1.0,1.0,1.0,0.39
61.0,2.0,2.0,1.0,7.0,2.0,2.0,1029.0,0.0,2.0,1.0,1.0,0.9
32.0,2.0,2.0,1.0,0.0,0.0,1.0,850.0,0.0,2.0,1.0,1.0,0.32
75.0,2.0,2.0,1.0,2.0,3.0,2.0,557.0,0.0,0.0,1.0,2.0,0.25
16.0,2.0,2.0,1.0,3.0,0.0,2.0,794.0,0.0,0.0,1.0,1.0,0.45
11.0,3.0,2.0,1.0,2.0,1.0,1.0,793.0,0.0,0.0,1.0,1.0,0.26
67.0,2.0,2.0,0.0,6.0,0.0,3.0,787.0,0.0,0.0,0.0,2.0,0.27
113.0,4.0,2.0,1.0,2.0,2.0,1.0,1201.0,0.0,2.0,0.0,2.0,0.7
81.0,3.0,4.0,1.0,0.0,1.0,2.0,2083.0,1.0,0.0,2.0,0.0,4.0
99.0,1.0,1.0,1.0,5.0,0.0,2.0,442.0,0.0,0.0,1.0,2.0,0.21
74.0,2.0,2.0,2.0,3.0,2.0,2.0,728.0,0.0,0.0,1.0,1.0,0.35
16.0,2.0,2.0,1.0,1.0,2.0,2.0,662.0,0.0,0.0,1.0,1.0,0.3
42.0,2.0,2.0,1.0,2.0,0.0,2.0,774.0,0.0,0.0,1.0,1.0,0.36
